Order_ID,Order_Date,Order_Status,Sales_Channel,Customer_ID,Customer_Name,Customer_Segment,Destination_City,Destination_State,Product_Category,Quantity,Item_Weight_kg,Fulfillment_Center,Warehouse_Region,Processing_Date,Dispatch_Date,Shipping_Method,Payment_Mode,Promised_Delivery_Date,Actual_Delivery_Date,Delivery_Status,Delivery_Attempts,Shipping_Cost,Fulfillment_Cost,Product_Value,Return_Reason
ORD-100489,2025-11-02,Delivered,Retail Store,CUS24117,Ramesh Menon,Regular,Kolkata,WB,Electronics,1,1.64,MC-KOL,East,2025-11-03,04-11-2025,Standard,Prepaid,08-Nov-2025,11-Nov-2025,Delivered(Late),1,₹119.98,75.64,28956,
ORD-100295,06-Sep-2025,Delivered,Website,CUS27866,Sneha Bose,Loyalty,Indore,NA,Furniture,1,31.85,MC-DEL,North,06-09-2025,09/07/2025,Express,NULL,11-09-2025,11-09-2025,Delivered,1,633,40.15,24892.06,
ORD-100228,07/08/2025,delivered,Mobile App,CUS22672,Sai Menon,Loyalty,Bengaluru,Karnataka,Furniture,1 pcs,21.43,MC-HYD,South,12-Jul-2025,13 July 2025,Express,Prepaid,15 July 2025,2025-07-14,Delivered,1,Rs. 443,36.81,48347.95,
ORD-100550,01 November 2025,Delivered,Mobile App,CUS11714,Priya Sharma,Business,Coimbatore,Tamil Nadu,Furniture,1,9.09,MC-HYD,South,02-Nov-2025,03-11-2025,standard,Prepaid,06-Nov-2025,11-Nov-2025,Delivered - Late,1,₹199.89,56.44,"42,735.59",
ORD-100168,2026-01-01,Delivered,Website,cus32677,Divya Rao,Business,Bengaluru,Karnataka,Personal Care,1 pcs,0.42,MC-BLR,South,01-Jan-2026,01/01/2026,Express,Prepaid,03-01-2026,2026-01-03,Delivered,N/A,181,Rs. 37,₹587.76,
,2025-03-19,Delivered,Mobile App,CUS10711,  Arjun Verma  ,Regular,Bengaluru  ,Karnataka,Personal Care,1,0.88,MC-BLR,South,2025-03-19 00:00:00,19-03-2025,Standard,Prepaid,2025-03-22 00:00:00,21-03-2025,DELIVERED,1,90.94,₹42.38,"₹1,035.73",
ORD-100403,16-07-2025,Delivered,Website,CUS37545,Krishna Sharma,Regular,Pune, ,Electronics,1,0.93,MC-BOM,West,19-Jul-2025,2025-07-19,Economy,Prepaid,NA,24/07/2025,Delivered,1,Rs. 57,32.77,29198,
ORD-100450,2025-08-06,Delivered,Retail Store,CUS46917,Sai Reddy,Regular,Jaipur,-,Apparel,4,0.17,MC-DEL,North,06-08-2025,07-08-2025,Economy,COD,12-Aug-2025,12/08/2025,Delivered,1,74,41.83,8425,
ORD-100568,2025-07-01,DELIVERED,Mobile App,CUS14623,Aarav Agarwal,Regular,Bengaluru  ,Karnataka,Home & Kitchen,1,1.86,MC-BLR,South,01 July 2025,2025-07-01,EXPRESS,Prepaid,2025-07-03,06-07-2025,Delivered - Late,1,197,41.47,"₹1,909.31",
,2025-12-13,Delivered,Marketplace,CUS22959,Shreya Chatterjee,Loyalty,Calcutta,West Bengal,Home & Kitchen,1,6.0,MC-KOL,East,15/12/2025,12/16/2025,Standard,Prepaid,20/12/2025,2025-12-19 00:00:00,Delivered,1,162.07,80.66,3622.11,
ORD-100251,2025-03-05 00:00:00,Delivered,Retail Store,CUS20747,Divya Agarwal,Loyalty,Surat,Gujarat,Apparel,1,0.72,MC-BOM,West,N/A,2025-03-08,Economy,COD,13-03-2025,2025-03-13 00:00:00,delivered,1,78,Rs. 37,724,
ORD-100495,09-08-2025,Delivered,Mobile App,CUS44698,Sai Kumar,Regular,Guwahati,Assam,Personal Care,1,0.57,MC-DEL,North,2025-08-09,10-08-2025,Standard,Prepaid,16-08-2025,18-Aug-2025,Delivered - Late,2,160.81,81.80,"1,892.49",
ORD-100225,2025-07-20,Delivered,Website,CUS26530,Riya Mehta,Regular,Hyderabad,Telangana,Home & Kitchen,1,7.24 kg,MC-HYD,South,22-07-2025,24-Jul-2025,Economy,Prepaid,29-Jul-2025,2025-07-28,Delivered ,1,137.06,31,"1,177.51",
ORD-100739,10-Nov-2025,Delivered,Retail Store,CUS37316,Sneha Reddy,Loyalty,Pune,Maharashtra,Home & Kitchen,1,2.85 kg,Mc-Bom,West,2025-11-11,15-Nov-2025,Express,Prepaid,2025-11-17 00:00:00,2025-11-20 00:00:00,Delivered - Late,-,227.19,64.81,4397.85,
ORD-100343,2025-07-17,Delivered,Mobile App,CUS44096,  Shreya Verma  ,Regular,Bengaluru  ,Karnataka,Apparel,1 pcs,0.48,MC-BLR,South,17-07-2025,19 July 2025,Standard,Prepaid,22 July 2025,21-07-2025,Completed,1,106.90,₹35.18,3812.73,
ORD-100359,19/11/2025,Delivered,Website,CUS17533,Saanvi Naidu,Regular,GURUGRAM,Haryana,Electronics,1,0.42,MC-DEL,North,2025-11-19,2025-11-22,Exp,Prepaid,24/11/2025,11/23/2025,Delivered,1,186,51,N/A,
ORD-100335,18-10-2025,Failed Delivery,Mobile App,CUS19214,Ananya Sharma,Regular,Hyderabad  ,Telangana,Apparel,1,0.93 kg,MC-BLR,South,10/20/2025,10/24/2025,Exp,Prepaid,2025-10-26 00:00:00,,RTO-Return To Origin,2,188.93,190.03,₹778.44,RTO - Customer Non-Contactable
ORD-100192,23-04-2025,Delivered,Mobile App,,Divya Kumar,Loyalty,Hyderabad,Telangana,Electronics,1,0.69,MC-BLR,South,04/24/2025,24-04-2025,Express,Prepaid,26-04-2025,2025-04-26,Delivered,1,194.01,38.75,7086,
ORD-100239,05/28/2025,Delivered,Website,CUS39594,Aadhya Sharma,Regular,Noida,Uttar Pradesh,Furniture,1,50.8,MC-DEL,North,2025-05-28,29-05-2025,Express,Prepaid,05/31/2025,31-May-2025,Delivered,1,500.95,43.21,77479.75,
ORD-100703,24 March 2025,Delivered,Website,CUS12778,Ramesh Singh,Loyalty,Chandigarh,Punjab,Electronics,1,0.54,MC-DEL,North,2025-03-24,2025-03-24,Express,Prepaid, ,2025-03-26,Delivered,1,187.98,33.05,"43,718.90",
ORD-100118,02-Aug-2025,Delivered,Website,CUS38425,Rohan Mehta,Regular,Calcutta,West Bengal,Electronics,1,4.81 kg,mc-kol,East,03 August 2025,08/04/2025,Std,Prepaid,2025-08-08 00:00:00,07/08/2025,Delivered,2,₹139.27,₹101.92,29634,
ORD-100496,10/07/2025,Delivered,Marketplace,CUS47429,Karthik Menon,Business,Bhubaneswar,Odisha,Home & Kitchen,1,1.8,MC-KOL,East,2025-07-12,13-07-2025,Express,COD,07/15/2025,2025-07-15,Delivered,2,207.70,106,899.07,
,21-10-2025,Delivered,Website,CUS12300,Manoj Sharma,Regular,Indore,Madhya Pradesh,Personal Care,1 pcs,0.95,MC-BOM,West,22-10-2025,2025-10-24,Standard,Prepaid,2025-10-30,2025-10-30,Delivered ,2,176.04,108.58,"1,391.46",
ORD-100115,05-08-2025,Delivered,Website,CUS18028,Kiara Patel,Regular,Hyderabad,Telangana,Apparel,1,0.41 kg,MC-HYD,South,06-Aug-2025,06-Aug-2025,Standard,Prepaid,09 August 2025,2025-08-09,Delivered,1,89.52,39,2174.12,
ORD-100036,2026-01-23,delivered,NULL,CUS45902,KIARA CHATTERJEE,Regular,Bengaluru,Karnataka,Personal Care,2,0.57,MC-HYD,South,2026-01-23,23 January 2026,Standard,COD,2026-01-26,26-01-2026,delivered,2,₹103.40,81,"4,174.52",
ORD-100670,2025-12-06,Delivered,Mobile App,CUS28568,Sai Menon,Regular,Mumbai,Maharashtra,Electronics,1,2.93,MC-BOM,West,08-12-2025,08-Dec-2025,Standard,Prepaid,11-12-2025,14-12-2025,Delivered - Late,1,124.49,55,"₹25,816.99",
ORD-100537,2025-10-12,Delivered,Mobile App,cus14491,Ishaan Naidu,Regular,Bengaluru,Karnataka,Home & Kitchen,1,0.53,MC-HYD,South,14-10-2025,2025-10-14,Economy,Prepaid,10/19/2025,24-10-2025,Delivered - Late,1,₹55.56,60.52,"₹4,659.25",
ORD-100657,01-06-2025,Delivered,Marketplace,CUS40793,Shreya Das,Business,Chennai,Tamil Nadu,Apparel,1,0.46,MC-BLR,South,2025-06-02,03-06-2025,Express,COD,06/05/2025,09/06/2025,Delivered - Late,1,192.50,₹32.15,2739.38,
ORD-100313,12-12-2025,Delivered,Marketplace,CUS29501,Shreya Patel,Regular,Delhi,Delhi,Electronics,1,4.16,MC-DEL,North,14-12-2025,15-Dec-2025,Express,Prepaid,17 December 2025,12/16/2025,Completed,1,228.65,53,"29,005.23",
ORD-100765,2025-11-10 00:00:00,Delivered,Mobile App,CUS25257,Meera Agarwal,Regular,Bhubaneswar,Odisha,Electronics,1,4.1,MC-KOL,East,12-Nov-2025,11/14/2025,Express,COD,16/11/2025,-,Delivered,2,241.45,124,15935.22,
ORD-100272,19 November 2025,Delivered,Marketplace,CUS43012,Meera Patel,Regular,Surat,Gujarat,Electronics,1,3.94,MC-BOM,West,2025-11-20,11/20/2025,express,Prepaid,22-11-2025,2025-11-26,DELIVERED-LATE,1,240,60,"₹30,776.99",
ORD-100391,18-08-2025,Delivered,Marketplace,CUS21333,Manoj Pillai,Regular,Chennai,Tamilnadu,Home & Kitchen,1,7.04 kg,MC-BLR,South,08/18/2025,18-Aug-2025,Economy,Prepaid,23/08/2025,23-Aug-2025,Delivered,1,₹145.45,33.83,-,
ORD-100035,09-Jul-2025,Delivered,Mobile App,CUS34237,Myra Das,Loyalty,Pune,Maharashtra,Personal Care,1,0.51,MC-BOM,West,09-07-2025,07/09/2025,Surface,Prepaid,14-07-2025,,Delivered,1,70.11,41.28,Rs. 2200,
ORD-100274,31-08-2025,Failed Delivery,Retail Store,CUS29332,Ramesh Verma,Regular,Hyderabad,telangana,Apparel,1 pcs,0.25,MC-BLR,South,31-08-2025,2025-08-29,ECONOMY,COD,05-09-2025,,RTO - Return to Origin,3,Rs. 67,₹222.43,2350,RTO - Address Not Found
ORD-100334,04-11-2025,Delivered,Mobile App,CUS47466,Saanvi Gupta,Loyalty,delhi ,Delhi,Home & Kitchen,1,3.73,MC-DEL,North,05-11-2025,2025-11-05,Economy,Prepaid,10-11-2025,2025-11-15,Delivered - Late,1,₹92.32,54.08,9123.52,
ORD-100329,2025-08-01 00:00:00,Delivered,Retail Store,CUS43247,Rohan Nair,Business,Kolkata,West Bengal,Home & Kitchen,1,7.51,MC-KOL,East,01-Aug-2025,08/02/2025,EXPRESS,Prepaid,08/04/2025,04-08-2025,Delivered,1,272.66,66.23,"3,141.72",
ORD-100545,12-03-2025,Delivered,Marketplace,CUS42132,Pooja Reddy,Loyalty,Chennai,Tamil Nadu,Electronics,1,2.95, MC-BLR,South,2025-03-14,14-03-2025,Standard,COD,2025-03-17,17 March 2025,Delivered,1,₹141.00,34,"₹36,940.55",
ORD-100371,2025-06-04,Delivered,N/A,CUS10288,Neha Patel,Regular,Ahmedabad,Gujarat,Apparel,1 pcs,0.74,MC-BOM,West,2025-06-05,06-06-2025,Surface,Prepaid,11-06-2025,2025-06-11 00:00:00,Delivered,N/A,Rs. 61,₹36.38,2871.14,
ORD-100663,24-Oct-2025,Delivered,Website,CUS12272,Shreya Das,Regular,Kochi,Kerala,Apparel,4,0.93,MC-BLR,South,26-10-2025,26-10-2025,Express,Prepaid,2025-10-28,30-10-2025,DELIVERED-LATE,-1,202,61.87,10127,
ORD-100381,2025-10-31,Delivered,Mobile App,CUS19208,Neha Das,Regular,Kochi,Kerala,Apparel,5,,MC-BLR,South,2025-11-03,2025-11-06 00:00:00,Express,Prepaid,11/08/2025,2025-11-12,Delivered(Late),1,193.82,52.51,11920.75,
ORD-100548,25-07-2025,Delivered,Marketplace,cus43884,Rohan Patel,Loyalty,DELHI,Delhi,Apparel,1,0.29,Mc-Del,North,NULL,2025-07-28 00:00:00,Standard,Prepaid,07/31/2025,31-07-2025,Delivered,1,105.79,₹31.00,Rs. 4165,
ORD-100183,11/20/2025,Delivered,Marketplace,CUS39680,Kiara Shah,Regular,Chandigarh,Punjab,Electronics,1,0.38,MC-DEL,North,24-Nov-2025,2025-11-26,Express,COD,2025-11-28 00:00:00,2025-11-28,Delivered,2,206.03,₹107.09,15047.04,
ORD-100586,31-Aug-2025,Delivered,Website,CUS20310,Aditya Singh,Business,Coimbatore,Tamil Nadu,Electronics,1,4.38,MC-BLR,South,01-09-2025,2025-09-01,Express,Prepaid,09/03/2025,2025-09-03,Completed,1,228.89,42.08,8904.16,
ORD-100393,2025-04-10,delivered,Website,CUS28614,Sanjay Reddy,Loyalty,Gurugram,Haryana,Furniture,1,39.5,MC-DEL,North,04/11/2025,2025-04-11 00:00:00,Express,COD,13 April 2025,2025-04-13,DELIVERED,2,₹660.08,₹79.22,13615,
ORD-100343,2025-07-17,Delivered,Mobile App,CUS44096,  Shreya Verma  ,Regular,Bengaluru  ,Karnataka,Apparel,1 pcs,0.48,MC-BLR,South,17-07-2025,19 July 2025,Standard,Prepaid,22 July 2025,21-07-2025,Delivered,1,106.90,₹35.18,3812.73,
ORD-100208,08/09/2025,Failed Delivery,Mobile App,CUS20731,Riya Iyer,Regular,Hyderabad,Telangana,Home & Kitchen,1 pcs,7.52,MC-BLR,South,09-08-2025,08/09/2025,Economy,Prepaid,08/14/2025,,RTO - Return to Origin,3,158,Rs. 223,3432.17,RTO - Max Attempts Exhausted
ORD-100470,09 December 2025,Delivered,Retail Store,CUS31499,Aditya Rao,Regular,Nashik,Maharashtra,Furniture,1,13.12,MC-BOM,West,10-12-2025,13-12-2025,Standard,COD,2025-12-16 00:00:00,16-12-2025,Delivered,1,267.82,61.31,16975.89,
ORD-100075,21-08-2025,Delivered,Marketplace,CUS13400,Navya Rao,Regular,Kochi,Kerala,Electronics,1,4.57,MC-BLR,South,22 August 2025,2025-08-23,Standard,Prepaid,26-08-2025,2025-08-26,Delivered ,1,150.32,₹43.79,38508,
ORD-100369,2025-08-22 00:00:00,Delivered,Mobile App,CUS43036,Suresh Nair,Business,Noida,Uttar Pradesh,Home & Kitchen,1,0.65 kg,MC-DEL,North,22-08-2025,23-08-2025,Standard,Prepaid,2025-08-26,26/08/2025,Delivered,1,106.22,43.89,3810.49,
ORD-100110,2025-11-26,Delivered,Website,CUS44004,  Aadhya Menon  ,Regular,Kolkata,West Bengal,Furniture,1,11.25,MC-KOL,East,2025-11-28 00:00:00,2025-11-29,Standard,Prepaid,2025-12-03,02-Dec-2025,delivered,2,₹215.95,127.29,"29,239.70",
ORD-100446,2025-05-19,Failed delivery,Marketplace,CUS39960,Suresh Das,Regular,DELHI,Delhi,Electronics,2,4.88,MC-BOM,West,2025-05-20,21-05-2025,Std,Prepaid,26-May-2025,,RTO - Return to Origin,3,222,₹218.30,"88,173.82",RTO - Address Not Found
ORD-100527,22-07-2025,Delivered,Mobile App,CUS31680,Riya Rao,Loyalty,Surat,NULL,Personal Care,1,0.81,MC-BOM,West,2025-07-24,26-07-2025,Standard,Prepaid,2025-07-29,31-07-2025,Delivered - Late,1,100.46,₹40.87,2124.24,
ORD-100196,01/18/2026,Delivered,Mobile App,CUS45641,Swati Patel,Loyalty,Chandigarh,Punjab,Personal Care,1,0.41,MC-DEL,North,19-01-2026,2026-01-20,Express,Prepaid,22/01/2026,2026-01-22,Delivered,1,NA,31.16,"1,723.99",
ORD-100224,2025-10-13,Delivered,Website,CUS29206,Ishaan Iyer,Loyalty,Kolkata,West Bengal,Electronics,1,3.83,MC-KOL,East,14-10-2025,15-Oct-2025,Standard,COD,19-10-2025,2025-10-21 00:00:00,Delivered - Late,2,152.63,128.24,"₹15,008.38",
ORD-100649,08/18/2025,Delivered,N/A,CUS11865,Aadhya Chatterjee,Regular,Hyderabad,Telangana,Apparel,1,1.47,MC-HYD,South,2025-08-19,08/19/2025,Standard,Prepaid,22-08-2025,2025-08-22,Delivered,1,₹116.26,43.45,2687,
ORD-100149,29-09-2025,Delivered,Website,CUS15497,Riya Pillai,Regular,Nashik,Maharashtra,Apparel,1,0.95,MC-BOM,West,29 September 2025,29-09-2025,Standard,COD,2025-10-02,2025-10-02 00:00:00,Completed,1,111.40,₹33.99,"3,451.93",
100407,19-08-2025,Delivered,Mobile App,cus34101,Kavya Mehta,Regular,Gurugram,Haryana,Furniture,1,11.01,MC-DEL,North,20-08-2025,22-Aug-2025,Express,Prepaid,24-08-2025,24 August 2025,Delivered,1,314.38,30.67,"45,744.05",
ORD-100336,2025-11-05,Delivered,Mobile App,CUS33976,Vivaan Patel,Regular,Ahmedabad,Gujarat,Personal Care,3 pcs,0.32,MC-BOM,West,2025-11-07,2025-11-09 00:00:00,Economy,Prepaid,11/14/2025,15-11-2025,Delivered - Late,1,57.65,55.09,3483.84,
ORD-100507,08-10-2025,Delivered,Mobile App,NA,  Kiara Menon  ,Loyalty,BENGALURU,Karnataka,Home & Kitchen,1,6.84,MC-HYD ,South,2025-10-11,10/14/2025,Express,COD,16-10-2025,2025-10-16,Delivered,2,279.26,₹98.48,"2,601.35",
ORD-100654,04/17/2025,Delivered,Retail Store,CUS23319,Kiara Pillai,Regular,Pune,Maharashtra,Home & Kitchen,1,7.69,MC-DEL,North,18 April 2025,19-04-2025,Express,Prepaid,2025-04-23,04/22/2025,delivered,1,342.74,₹44.80,0.00,
ORD-100789,2025-08-12,Delivered,Marketplace,CUS18952,Aadhya Bose,Loyalty,Indore,Madhya Pradesh,Electronics,1,2.67,MC-BOM,West,12/08/2025,14-08-2025,Standard,N/A,2025-08-20,2025-08-19,Delivered,1,193,39,"15,610.63",
100340,2025-06-27,Delivered,Marketplace,CUS18970,Aditya Verma,Regular,Noida,Uttar Pradesh,Electronics,1,3.91 kg,MC-DEL,North,28/06/2025,28/06/2025,Economy,Prepaid,03/07/2025,02-07-2025,Delivered,1,106.36,₹36.75,"19,714.75",
ORD-100643,2025-11-19,Delivered,Marketplace,CUS24770,Arun Reddy,Business,Coimbatore,Tamil Nadu,Apparel,1,0.68,MC-HYD,South,2025-11-23 00:00:00,2025-11-24,Economy,Prepaid,2025-11-29,2025-11-30,Late Delivery,1,55.94,59.48,2092.64,
ORD-100305,2025-10-17,DELIVERED,Marketplace,CUS16025,Kiara Reddy,Regular,Coimbatore,Tamil Nadu,Electronics,1,3.71,MC-BLR,South,2025-10-18,2025-10-18,Standard,Prepaid,21 October 2025,2025-10-20 00:00:00,Delivered,1,137.11,₹56.08,16157.86,
ORD-100144,07/22/2025,Delivered,Marketplace,CUS29232,Neha Iyer,Loyalty,Gurugram,Haryana,Apparel,2,0.75,MC-DEL,North,23-Jul-2025,24-Jul-2025,Economy,COD,29-Jul-2025,2025-08-02,delivered - late,1,92.04,41.10,5201.78,
ORD-100449,24-05-2025,DELIVERED,NULL,CUS33908,ANANYA NAIDU,Regular,Nagpur,Maharashtra,Electronics,1,3.18 kg,MC-BOM,West,05/26/2025,05/27/2025,Express,Prepaid,31-05-2025,30-05-2025,Delivered,1,₹276.42,Rs. 40,35175,
ORD-100619,06-Oct-2025,Delivered,Mobile App,CUS16489,NA,Loyalty,Surat,Gujarat,Apparel,5,1.49,MC-BOM,West,2025-10-07,2025-10-09,STANDARD,Prepaid,12-10-2025,14 October 2025,Delivered - Late,1,111.08,₹61.46,4931.05,
ORD-100742,06-10-2025,Delivered,Mobile App,CUS25661,Myra Joshi,Regular, Bangalore,Karnataka,Personal Care,1,0.47,MC-BLR,South,07-Oct-2025,2025-10-09,Standard,COD,12-10-2025,2025-10-12,Delivered,2,112.56,99.01,1576,
ORD-100571,06 March 2025,Cancelled,Mobile App,CUS29174,Riya Joshi,Regular,Gurugram,Haryana,Apparel,1,999.0,MC-DEL,North,2025-03-06,08 March 2025,Express,Prepaid,2025-03-10,2025-03-09,CANCELLED,0,189,-11,1369.76,
ORD-100760,13 November 2025,Delivered,Marketplace,CUS37090,Shreya Menon,Regular,Gurugram,Haryana,Apparel,1,1.23,MC-DEL,North,13-11-2025,11/14/2025,Express,Prepaid,16-11-2025,2025-11-16,Delivered,1,199,51.58,2986.64,
ORD-100392,02/09/2025,Delivered,N/A,CUS48899,Kiara Patel,Loyalty,Indore,Madhya Pradesh,Apparel,2,1.5,MC-DEL,North,2025-02-10,13-02-2025,Economy,Prepaid,21-02-2025,24 February 2025,Delivered - Late,1,123.71,₹32.96,7510,
ORD-100779,2025-08-26,Delivered,Website,CUS18819,Swati Agarwal,Loyalty,Mumbai,Maharashtra,Personal Care,3,0.38,MC-BOM,West,2025-08-27,28/08/2025,Express,COD,30-08-2025,08/30/2025,Delivered,1,201.40,36.85,"₹4,362.75",
ORD-100215,2025-03-31,Delivered,Mobile App,CUS39829,Arun Agarwal,Regular,Ahmedabad,Gujarat,Apparel,5,0.53,MC-BOM,West,01-04-2025,2025-04-03,Express,COD,2025-04-05,2025-04-05 00:00:00,Delivered,1,216.01,35.88,6659.00,
ORD-100044,2025-09-19,Delivered,Website,CUS38902,  Neha Pillai  ,Regular,Hyderabad,TS,Electronics,1 pcs, ,MC-BLR,South,20/09/2025,20-09-2025,Standard,Prepaid,23-09-2025,22-09-2025,Delivered,1,145.97,₹34.85,"21,850.94",
ORD-100294,30-10-2025,Delivered,Website,CUS41773,Ishaan Rao,Regular,Lucknow,Uttar Pradesh,Personal Care,1,0.78,MC-DEL,North,31 October 2025,10/31/2025,Standard,Prepaid,03-11-2025,07/11/2025,Late Delivery,1,111,57.11,321,
ORD-100471,23-Feb-2025,DELIVERED,Marketplace,CUS12754,Nikhil Naidu,Business,Bengaluru,karnataka ,Apparel,1,0.68,MC-BLR,South,24-02-2025,25 February 2025,Economy,Prepaid,2025-03-02,05 March 2025,Delivered - Late,1,61.93,34.22,755,
ORD-100071,02-08-2025,Delivered,Marketplace,CUS11299,Anika Iyer,Regular,Surat,Gujarat,Apparel,1,1.54,MC-BOM,West,2025-08-02,03-08-2025,Express,Prepaid,05-08-2025,04 August 2025,Delivered,-1,200.80,Rs. 45,"₹1,647.17",
ORD-100498,2025-06-15,Delivered,Marketplace,CUS26267,Pooja Naidu,Regular,Bhopal,Madhya Pradesh,Personal Care,4,0.72,MC-DEL,North,06/15/2025,2025-06-17,Standard,Prepaid,23/06/2025,23-06-2025,Delivered,1,₹166.17,44.34,4196,
ORD-100588,2025-10-09,Delivered,Website,CUS21944,Krishna Reddy,Regular,Chennai,Tamil Nadu,Electronics,1,3.27,MC-BLR,South,2025-10-10,13 October 2025,Express,COD,2025-10-15,15-10-2025,Delivered,1,233.34,₹59.15,"6,884.94",
ORD-100396,2026-01-06,Delivered,Retail Store,CUS44272,Sneha Iyer,Regular,Nashik,Maharashtra,Personal Care,2,0.92,MC-BOM,West,2026-01-06,2026-01-06,Standard,Prepaid,09-01-2026,09-01-2026,Delivered,1,112.73,35.30,"₹2,003.78",
ORD-100376,16-10-2025,Delivered,Marketplace,cus30151,Aditya Das,Loyalty,Kolkata,West Bengal,Electronics,1,0.73 kg,MC-KOL,East,2025-10-19 00:00:00,20-Oct-2025,Express,Prepaid,2025-10-22,22 October 2025,Delivered,1,₹191.86,81,Rs. 13800,
ORD-100500,11/19/2025,Delivered,Mobile App,CUS45227,Manoj Das,Loyalty,Nashik,Maharashtra,Electronics,1,3.48,MC-BOM,West,19-11-2025,2025-11-21 00:00:00,Express,Prepaid,23-Nov-2025,2025-11-22,Delivered,2,230,103.21,"₹38,629.07",
ORD-100552,05/16/2025,delivered,Mobile App,CUS33759,Reyansh Gupta,Loyalty,Ahmedabad,Gujarat,Apparel,1,0.18,MC-BOM,West,17-05-2025,2025-05-17,Express,Prepaid,19-05-2025,19-05-2025,Delivered,1,182.24,40,1427,
100161,08/25/2025,Delivered,Marketplace,CUS34354,Ishaan Sharma,Business,Hyderabad,telangana,Apparel,4,0.62,MC-HYD ,South,25-08-2025,27-Aug-2025,Express,Prepaid,08/29/2025,29-Aug-2025,delivered,1,N/A,Rs. 42,Rs. 11810,
ORD-100160,2025-06-22,DELIVERED,Website,CUS10201,Ayaan Sharma,Regular,Coimbatore,Tamil Nadu,Apparel,2,0.5,MC-BLR,South,2025-06-22,22 June 2025,Express,COD,06/24/2025,2025-06-24,Delivered,1,193,37,4455,
ORD-100477,2025-02-06,Delivered,Mobile App,CUS13834,Reyansh Shah,Loyalty,Delhi,Delhi,Electronics,1,3.0,MC-DEL,North,06-02-2025,06-Feb-2025,EXPRESS,Prepaid,08-02-2025,08-Feb-2025,Delivered,1,221.11,₹31.10,15774.99,
ORD-100284,2025-12-12,Delivered,Website,-,Ananya Nair,Regular,Ahmedabad,Gujarat,Apparel,1,0.0,MC-BOM ,West,2025-12-13,2025-12-15,Standard,COD,18-12-2025,21-12-2025,Delivered - Late,3,122.83,140.21,₹941.42,
ORD-100754,2025-08-09,Delivered,Mobile App,CUS31911,Rohan Pillai,Business,DELHI,Delhi,Personal Care,5,0.48,MC-DEL,North,2025-08-10,2025-08-11,Express,Prepaid,08/13/2025,13-08-2025,Delivered,1,185,₹32.25,"₹10,099.35",
100185,08/11/2025,Delivered,Mobile App,CUS21381,Anika Shah,Regular,Calcutta,West Bengal,Apparel,1 pcs,1.41,MC-KOL,East,10-11-2025,11/11/2025,Economy,COD,2025-11-17 00:00:00,17/11/2025,Delivered,3,Rs. 98,169.13,1488.82,
ORD-100260,03-05-2025,Returned,Mobile App,CUS44196,Neha Agarwal,Loyalty,Kolkata,West Bengal,Home & Kitchen,1,7.84,MC-KOL,East,05/04/2025,05/07/2025,Express,Prepaid,2025-05-09 00:00:00,2025-05-11 00:00:00,Returned by Customer,-,277.04,61,4345.08,Customer Refused
ORD-100063,2025-04-26,Delivered,Marketplace,CUS22278,Ananya Gupta,Regular,Hyderabad,Telangana,Apparel,1,0.88,MC-BLR,South,04/26/2025,27-04-2025,Economy,COD,02-May-2025,2025-05-03,delivered - late,1,79,43.90,484.57,
ORD-100051,2025-10-07,Delivered,Marketplace,CUS29676,Swati Sharma,Loyalty,Bombay,Maharashtra,Personal Care,1,0.35,MC-BOM,West,10/10/2025,10-Oct-2025,EXPRESS,COD,12 October 2025,2025-10-15,Delivered - Late,1,206.76,63.16,Rs. 1248,
ORD-100247,04-Sep-2025,Delivered,Mobile App,CUS11127,Shreya Mehta,Regular,Hyderabad,Telangana,Personal Care,4,0.41,MC-BLR,South,04-09-2025,2025-09-04,Economy,Prepaid,09-09-2025,09-09-2025,Delivered,1,₹68.19,₹35.48,"₹7,675.52",
100487,08/02/2025,Delivered,Website,CUS11387,Meera Sharma,Regular,Noida,Uttar Pradesh,Home & Kitchen,1,1.43,MC-DEL,North,2025-08-04,05-08-2025,Economy,COD,2025-08-10,2025-08-12,delivered - late,2,₹95.36,78.64,7204.51,
ORD-100602,2025-04-19,Delivered,Marketplace,CUS43977,AADHYA AGARWAL,Loyalty,Chennai,TN,Electronics,1,1.33 kg,MC-BLR,South,20/04/2025,21 April 2025,Express,Prepaid,2025-04-23 00:00:00,23/04/2025,Delivered,1,200.12,39.32,14820,
ORD-100145,18-10-2025,DELIVERED,Website,CUS36030,Kavya Kumar,Loyalty,mumbai,maharashtra,Furniture,1,15.68,MC-BOM,West,20-10-2025,20-Oct-2025,Economy,Prepaid,2025-10-25 00:00:00,2025-10-30,Delivered - Late,1,239,56.10,"29,985.45",
ORD-100028,29/07/2025,Delivered,Website,CUS28026,Ayaan Chatterjee,Regular,Chandigarh,Punjab,Personal Care,1,0.7,MC-DEL,North,30/07/2025,07/30/2025,Standard,COD,2025-08-02,02-08-2025,Delivered,2,111.83,86.01,"₹1,518.56",
ORD-100698,13-10-2025,DELIVERED,Mobile App,CUS18828,Anika Rao,Business,Mumbai,Maharashtra,Electronics,1,4.82,MC-BOM,West,16-10-2025,2025-10-18,Standard,Prepaid,21-10-2025,21-10-2025,Delivered,1,143,Rs. 58,5008.32,
ORD-100504,2025-11-28,Delivered,Marketplace,CUS37601,Saanvi Singh,Regular,Gurugram,Haryana,Apparel,1,0.29,MC-DEL,North,28-11-2025, ,Express,Prepaid,02-Dec-2025,2025-12-02,Delivered,1,195.73,55.72,2840,
ORD-100114,11 December 2025,Delivered,Marketplace,CUS17314,Anika Chatterjee,Regular,Hyderabad,Telangana,Electronics,1,0.98,MC-HYD,South,14-12-2025,16/12/2025,Standard,Prepaid,2025-12-19,2025-12-19,DELIVERED,1,115.40,55,34448,
ORD-100029,2025-09-20,Delivered,Website,CUS44333,Meera Nair,Regular,Chandigarh,Punjab,Home & Kitchen,1,6.54,MC-DEL,North,20-09-2025,21-09-2025,Standard,Prepaid,24 September 2025,2025-09-24,Delivered,1,162.62,34.53,Rs. 2637,
ORD-100750,26-06-2025,delivered,Marketplace,CUS28738,Ishaan Chatterjee,Regular,Kolkata,WB,Apparel,1,0.35,MC-KOL,East,28-06-2025,2025-06-28,Standard,Prepaid,02 July 2025,02 July 2025,Delivered,2,87,Rs. 113,"3,850.07",
ORD-100008,30-Jul-2025,Delivered,Website,CUS37349,Divya Joshi,Loyalty,Kolkata,W. Bengal,Electronics,1,4.22,MC-KOL,East,30-07-2025,31-07-2025,Economy,Prepaid,,06-Aug-2025,Delivered,1,109.16,59.31,NULL,
ORD-100778,2025-11-03,DELIVERED,Mobile App,CUS45691,Divya Kumar,Regular,Noida,U.P.,Electronics,1,3.8,MC-DEL,North,05-11-2025,06-11-2025,EXPRESS,Prepaid,2025-11-08,2025-11-14,DELIVERED-LATE,1,₹232.95,60.29,14954.70,
ORD-100229,2025-05-18,Delivered,Mobile App,CUS34965,  Rohan Naidu  ,Regular,Indore,Madhya Pradesh,Apparel,1,0.54,MC-DEL,North,19-05-2025,2025-05-20,Express,Prepaid,2025-05-24,26-05-2025,Delivered - Late,1,239.49,42.35,4287.59,
ORD-100117,2025-08-07,Delivered,Website,CUS28069,  Deepak Bose  ,Business,Noida,Uttar Pradesh,Apparel,1,1.45,MC-DEL,North,08-08-2025,08-08-2025,Economy,Prepaid,08/13/2025,16-Aug-2025,Delivered - Late,1,77.76,₹44.04,1997.24,
ORD-100178,02-Dec-2025,Delivered,Mobile App,CUS31955,Vivaan Pillai,Loyalty,Pune,Maharashtra,Personal Care,3,1.14,MC-BOM,West,03/12/2025,2025-12-06,Economy,Prepaid,11-12-2025,11-12-2025,Delivered,2,59.81,101,Rs. 842,
ORD-100493,25-08-2025,Returned,Website,CUS39398,Aarav Agarwal,Regular,Chandigarh,Punjab,Apparel,1,1.17,MC-DEL,North,2025-08-26,08/27/2025,EXPRESS,Prepaid,29-08-2025,2025-08-29,Returned by Customer,1,₹187.80,39.07,Rs. 2942,Customer Refused
ORD-100712,25-Aug-2025,DELIVERED,Mobile App,CUS41247,Meera Nair,Regular,Surat,Gujarat,Electronics,1,3.93,MC-BOM,West,2025-08-25,27-08-2025,Standard,Prepaid,2025-08-30,08/30/2025,Delivered,1,132,32.31,37402,
100490,02-Aug-2025,Delivered,Mobile App,CUS18344,Reyansh Das,Regular,Mumbai  ,Maharashtra,Apparel,1,NA,MC-BOM,West,2025-08-04,04-08-2025,Standard,Prepaid,07-08-2025,2025-08-07,Delivered,N/A,111, ,"₹3,233.01",
ORD-100630,26/08/2025,delivered,Marketplace,CUS22951,Rohan Agarwal,Regular,Bhopal,Madhya Pradesh,Electronics,1,3.83,MC-BOM,West,26 August 2025,08/27/2025,Economy,COD,04-Sep-2025,05-09-2025,Delivered - Late,1,₹173.38,38.88,17681.35,
ORD-100133,2025-06-30,Delivered,Mobile App,CUS40209,Priya Reddy,Loyalty,BENGALURU,KA,Home & Kitchen,1,2.69,MC-HYD,South,07/01/2025,01-Jul-2025,Express,Prepaid,03-Jul-2025,2025-07-06,Delivered(Late),1,206.61,37.71,7570,
ORD-100410,2025-05-11,Delivered,Website,CUS49595,Sai Chatterjee,Loyalty,Chennai,Tamil Nadu,Home & Kitchen,1, ,MC-BLR,South,2025-05-11,2025-05-11 00:00:00,Express,COD,13-05-2025,13 May 2025,Delivered,1,₹277.48,30.15,"₹11,947.52",
ORD-100584,2025-09-11,DELIVERED,Retail Store,CUS45932,Priya Kumar,Loyalty,Delhi,Delhi,Home & Kitchen,1,3.12,MC-DEL,North,2025-09-12,2025-09-13,Express,COD, ,15-09-2025,Delivered,2,237.30,85.02,Rs. 7464,
ORD-100472,2025-06-15,Delivered,Marketplace,CUS39318,Krishna Sharma,Business,Hyderabad,Telangana,Home & Kitchen,1,7.15,MC-HYD,South,15-Jun-2025,16-Jun-2025,express,,18-06-2025,18/06/2025,delivered,1,267.83,32.22,5652.69,
ORD-100517,27-09-2025,delivered,Mobile App,CUS22263,Arjun Iyer,Business,Gurgaon,Haryana,Apparel,1,0.4,MC-DEL,North,27-09-2025,09/27/2025,Express,Prepaid,09/29/2025,2025-10-03,Delivered - Late,1,₹189.87,39.41,"2,412.50",
ORD-100170,08/24/2025,Delivered,Mobile App,CUS43467,Ananya Shah,Loyalty,Lucknow,Uttar Pradesh,Home & Kitchen,1,8.43,MC-DEL,North,2025-08-26,26/08/2025,Express,COD,2025-08-28,28 August 2025,Delivered,1,293.81,₹40.07,"₹8,455.58",
ORD-100069,14-09-2025,DELIVERED,Website,CUS32105,NIKHIL KUMAR,Loyalty,Indore,Madhya Pradesh,Home & Kitchen,2,5.96,MC-BOM,West,14-09-2025,15-09-2025,Economy,COD,2025-09-23 00:00:00,2025-09-23,Delivered,1,196.91,36,"19,974.96",
ORD-100320,10/18/2025,Cancelled,Mobile App,CUS38690,  Kavya Menon  ,Loyalty, Mumbai,Maharashtra,Apparel,1, ,MC-BOM,West,2025-10-19,21/10/2025,Express,Prepaid,23-10-2025,25-10-2025,CANCELLED,0,₹187.75,9.98,3412.52,
ORD-100273,12/30/2025,Delivered,Mobile App,CUS11204,Aditya Naidu,Regular,Pune,Maharashtra,Electronics,1,3.91,MC-BOM,West,30/12/2025,31-12-2025,Economy,Prepaid,2026-01-05,2026-01-05,Delivered,1,Rs. 101,43,"30,673.07",
ORD-100676,06-09-2025,Delivered,Mobile App,CUS10281,Manoj Naidu,Loyalty,Raipur,Chhattisgarh,Home & Kitchen,1,6.58,MC-BOM,West,2025-09-06,07-09-2025,Express,COD,2025-09-11,2025-09-11,Delivered,2,338.47,89.79,2919.38,
ORD-100338,21-11-2025,Delivered,Website,CUS31873,Manoj Nair,Regular,Kolkata,West Bengal,Apparel,1 pcs,0.94,MC-KOL,East,22-11-2025,23 November 2025,Economy,COD,2025-11-29,12/03/2025,Delivered - Late,2,92.08,132.71,2523.37,
ORD-100805,03-10-2025,Delivered,Website,CUS32981,Anjali Singh,Regular,Indore,Madhya Pradesh,Apparel,1,,mc-bom,West,05-Oct-2025,06-10-2025,Express,COD,10/10/2025,09-10-2025,Delivered,2,277.03,₹99.08,1298,
ORD-100256,13-11-2025,Delivered,Website,CUS49471,Ayaan Pillai,Regular,Bengaluru  ,Karnataka,Apparel,4,1.11,MC-HYD,South,15-11-2025,2025-11-18,Express,Prepaid,2025-11-20,19-11-2025,Delivered,1,194.06,61.69,5496,
ORD-100127,2025-06-23 00:00:00,Delivered,Website,CUS38213,Anjali Sharma,Regular,Bhubaneswar,Odisha,Home & Kitchen,1,6.52,MC-KOL,East,24-06-2025,2025-06-24 00:00:00,Standard,COD,28-06-2025,07/01/2025,DELIVERED-LATE,2,198,Rs. 105,"₹1,408.76",
ORD-100486,2025-06-15,Delivered,Marketplace,CUS13489,Nikhil Reddy,Regular,Hyderabad,Telangana,Home & Kitchen,1,3.59,MC-BLR,South,06/15/2025,06/15/2025,Express,COD,17-06-2025,17-06-2025,Delivered ,2,243.47,83.57,9753.49,
ORD-100577,2025-07-16,Delivered,Marketplace,CUS26753,Meera Gupta,Loyalty,Mumbai,Maharastra,Electronics,1,3.3,MC-BOM,West,16 July 2025,07/17/2025,Standard,Prepaid,20-07-2025,19 July 2025,Delivered,1,123.11,44.90,Rs. 35307,
ORD-100076,2025-10-12,Delivered,Marketplace,CUS37787,Aadhya Patel,Regular,Bengaluru,Karnataka,Home & Kitchen,1,6.26,MC-BLR,South,2025-10-12,15-10-2025,Economy,Prepaid,10/20/2025,10/19/2025,DELIVERED,2,125.52,97.13,6793.35,
100705,27/06/2025,Delivered,Website,CUS25183,Navya Reddy,Loyalty,Chandigarh,Punjab,Electronics,1,0.35,MC-DEL ,North,27 June 2025,2025-06-27,Express,Prepaid,2025-06-29,2025-06-29,Delivered,1,179.70,40.17,"21,054.02",
ORD-100555,2025-11-10,Delivered,Mobile App,CUS21951,Kavya Das,Regular,Pune,Maharashtra,Furniture,1,21.27,MC-BOM,West,12-Nov-2025,13-Nov-2025,Express,COD,15-11-2025,19-11-2025,Delivered - Late,1,462.29,54.73,Rs. 11856,
ORD-100363,2025-03-28,Delivered,Retail Store,CUS24659,Deepak Sharma,Regular,Kolkata,West Bengal,Home & Kitchen,1 pcs,1.42,MC-KOL,East,2025-03-28,28-Mar-2025,Express,Prepaid,30-Mar-2025,03/29/2025,Delivered,1,200.16,57.74,Rs. 7607,
ORD-100266,08/10/2025,DELIVERED,Website,CUS19612,Pooja Agarwal,Business,Kolkata,West Bengal,Home & Kitchen,1,5.08,MC-KOL,East,08/11/2025,13/08/2025,Express,Prepaid,2025-08-15,15-08-2025,Delivered ,3,232.41,157,Rs. 1856,
ORD-100182,2025-11-10,DELIVERED,Marketplace,CUS18577,Ishaan Pillai,Regular,Chennai,Tamilnadu,Apparel,1,0.62,MC-BLR,South,2025-11-10,2025-11-12,Economy,Prepaid,11/17/2025,19/11/2025,Delivered - Late,1,62,60.85,Rs. 488,
,12/15/2025,Delivered,Website,CUS42928,Pooja Patel,Regular,Raipur,Chhattisgarh,Home & Kitchen,1,6.33,MC-DEL,North,2025-12-16,18-Dec-2025,Express,COD,22 December 2025,22-12-2025,Delivered,3,332.74,154,6389.85,
ORD-100543,2025-11-29,Delivered,Website,CUS26752,Rohan Gupta,Business,Bhopal,Madhya Pradesh,Electronics,1,3.03,MC-DEL,North,01-12-2025,03 December 2025,Standard,Prepaid,2025-12-09 00:00:00,09-12-2025,Delivered,2,₹199.67,95.77,Rs. 8722,
ORD-100361,30-Apr-2025,Delivered,Mobile App,CUS31043,Diya Patel,Regular,Lucknow,Uttar Pradesh,Home & Kitchen,1,7.6,MC-DEL,North,30-04-2025,2025-05-01,Std,Prepaid,2025-05-04,04-May-2025,Delivered ,1,Rs. 189,34.25,4015,
ORD-100277,29-05-2025,Delivered,Mobile App,CUS16200,Ayaan Das,Regular,Kochi,Kerala,Electronics,1,N/A,MC-BLR,South,29-05-2025,05/30/2025,Standard,Prepaid,06/02/2025,2025-06-02,Delivered,1,119,43.02,"36,863.69",
ORD-100432,20 January 2026,Delivered,Marketplace,CUS18996,  Kavya Sharma  ,Regular,Hyderabad,Telangana,Apparel,5,1.18,MC-HYD,South,20 January 2026,2026-01-20,Economy,Prepaid,2026-01-25,2026-01-24,Delivered,1,70.92,30.82,6508.75,
ORD-100702,10-09-2025,delivered,Marketplace,CUS22966,Ishaan Verma,Regular,Chennai,Tamil Nadu,Furniture,1,56.0,MC-HYD,South,2025-09-10,10-09-2025,Express,Prepaid,2025-09-12,2025-09-12,Delivered,2,596.50,81.61,95629.02,
ORD-100366,28-07-2025,Delivered,Marketplace,CUS32450,Nikhil Reddy,Regular,Bengaluru,Karnataka,Personal Care,4,0.49,MC-BLR,South,2025-07-29,30-07-2025,EXPRESS,Prepaid,2025-08-01,2025-08-04,Delivered - Late,1,NULL,42.88,3204,
ORD-100633,10/03/2025,Delivered,Mobile App,CUS40861,Sanjay Reddy,Business,Nagpur,MH,Apparel,1,1.02,MC-DEL,North,06-10-2025,2025-10-09,Express,Prepaid,13/10/2025,2025-10-12,DELIVERED,1,Rs. 261,₹59.15,"2,579.42",
ORD-100711,2025-10-26,Delivered,,CUS28351,Anjali Kumar,Loyalty,Nagpur,Maharashtra,Apparel,2,0.17,MC-BOM,West,28-10-2025,2025-10-29,Express,COD,11/02/2025,2025-11-08,DELIVERED-LATE,2,260.86,99,"₹6,169.60",
,2025-07-21,Delivered,Marketplace,CUS26818,Kavya Mehta,Loyalty,Mumbai,Maharashtra,Electronics,1,4.59,Mc-Bom,West,21-07-2025,21/07/2025,Standard,COD,2025-07-24 00:00:00,27-07-2025,DELIVERED-LATE,2,Rs. 168,81,14110,
ORD-100017,20-07-2025,Delivered,Marketplace,CUS10604,Riya Reddy,Regular,Mumbai,MH,Home & Kitchen,1,8.62,MC-BOM,West,2025-07-20,2025-07-20,Standard,Prepaid,23-Jul-2025,2025-07-22,Delivered,1,193.44,42.32,"₹6,063.55",
ORD-100142,14-09-2025,Failed Delivery,Mobile App,CUS24945,Sneha Shah,Business,Bhopal,Madhya Pradesh,Home & Kitchen,1,2.75,MC-BOM,West,2025-09-14,,Standard,Prepaid,21-09-2025,,RTO - Return to Origin,3,193.05,215.47,Rs. 6557,RTO - Customer Refused Delivery
ORD-100189,28 March 2025,Delivered,Website,CUS39733,Ishaan Iyer,Regular,Raipur,Chhattisgarh,Electronics,1,1.55,MC-DEL,North,28-03-2025,31-Mar-2025,Standard,COD,06-04-2025,2025-04-08,delivered - late,2,182.39,81.91,"10,438.56",
ORD-100439,23 May 2025,Delivered,Marketplace,CUS49641,Reyansh Sharma,Regular,Surat,Gujarat,Electronics,1,2.19,MC-BOM,West,2025-05-24,25-05-2025,Express,Prepaid,27-05-2025,27-05-2025,Delivered,1,218.45,₹31.15,15072.84,
ORD-100668,07 December 2025,Delivered,Website,CUS13433,Ayaan Chatterjee,Regular,Noida,Uttar Pradesh,Home & Kitchen,1,5.95,MC-DEL,North,07-Dec-2025,12/08/2025,Economy,Prepaid,13-Dec-2025,2025-12-13,Completed,2,₹130.59,106.34,Rs. 6135,
ORD-100409,10/23/2025,Delivered,Mobile App,CUS21016,Anika Reddy,Business,Delhi,Delhi,Home & Kitchen,1,5.2,MC-DEL,North,2025-10-23,24-10-2025,Express,Prepaid,26 October 2025,29-Oct-2025,Delivered - Late,1,252.51,Rs. 64,"6,109.72",
ORD-100072,23-05-2025,Delivered,Marketplace,CUS16984,Vivaan Agarwal,Regular,Bengaluru,Karnataka,Personal Care,1,0.67,MC-BLR,South,24-05-2025,24-05-2025,Express,Prepaid,26-05-2025,05/29/2025,Delivered - Late,1,188,32.36,2047.70,
ORD-100611,05/26/2025,Delivered,Website,CUS25240,Myra Mehta,Regular,Bhubaneswar,Odisha,Furniture,2,32.02,MC-KOL,East,27-05-2025,27-May-2025,Standard,Prepaid,2025-05-31,31/05/2025,Delivered,1,Rs. 468,64.95,62516.72,
ORD-100531,19-11-2025,Delivered,Website,CUS33532,  Anika Iyer  ,Regular,Ahmedabad,Gujarat,Apparel,2,0.23,MC-BOM,West,23-11-2025,29-Nov-2025,Standard,COD,02-Dec-2025,03-Dec-2025,Delivered - Late,2,108.73,105.35,3972,
ORD-100606,06-08-2025,Delivered,Retail Store,CUS14928,Saanvi Reddy,Loyalty,Pune,Maharashtra,Furniture,1,17.58,MC-BOM,West,06-Aug-2025,06-08-2025,Express,Prepaid,08/08/2025,07-Aug-2025,Delivered,1,386,40.98,"23,826.28",
ORD-100515,25-Nov-2025,Delivered,Marketplace,CUS37497,Swati Verma,Loyalty,Pune,maharashtra,Personal Care,2,0.58,MC-BOM,West,01/12/2025,NULL,Standard,Prepaid,12/08/2025,12/13/2025,delivered - late,1,88.25,58.63,3479.58,
ORD-100069,14-09-2025,DELIVERED,Website,CUS32105,Nikhil Kumar,Loyalty,Indore,Madhya Pradesh,Home & Kitchen,2,5.96,MC-BOM,West,14-09-2025,15-09-2025,Economy,COD,2025-09-23 00:00:00,2025-09-23,Delivered,1,196.91,36,"19,974.96",
ORD-100613,31-10-2025,Delivered,Marketplace,CUS49678,SAANVI JOSHI,Loyalty,Hyderabad,Telangana,Personal Care,5,0.29 kg,MC-BLR,South,31-10-2025,03-11-2025,Standard,COD,06-11-2025,08-Nov-2025,Late Delivery,1,98.61,59.36,"₹5,498.90",
ORD-100425,22-Nov-2025,Delivered,Marketplace,CUS35081,  Diya Das  ,Regular,Guwahati,Assam,Personal Care,1,0.22,MC-KOL,East,22-Nov-2025,11/24/2025,Express,Prepaid,26-Nov-2025,25-Nov-2025,Delivered,1,196.19,85.96,485,
ORD-100087,09/17/2025,DELIVERED,Website,CUS36682,Sanjay Nair,Regular,GURUGRAM,Haryana,Home & Kitchen,1,7.84,MC-DEL,North,2025-09-19 00:00:00,19 September 2025,Standard,COD,22-09-2025,22-Sep-2025,Delivered,1,₹189.64,36,"5,192.87",
100707,05/23/2025,Delivered,Marketplace,CUS22186,Shreya Gupta,Regular,Bengaluru,Karnataka,Apparel,1 pcs,-,MC-BLR,South,05/23/2025,N/A,standard,Prepaid,26-05-2025,25/05/2025,Delivered,1,102.16,₹39.24,4344.28,
ORD-100332,05/23/2025,Delivered,Marketplace,CUS21602,Vivaan Mehta,Loyalty,Nagpur,Maharastra,Home & Kitchen,1,5.84,Mc-Del,North,2025-05-23 00:00:00,24/05/2025,Exp,COD,28-05-2025,27-05-2025,Delivered,1,₹338.18,38.57,"5,670.83",
ORD-100616,12 January 2026,Delivered,Marketplace,CUS45408,Deepak Joshi,Business,Kochi,Kerala,Apparel,3,1.43,MC-BLR,South,2026-01-12 00:00:00,2026-01-12,Exp,COD,2026-01-14,2026-01-14 00:00:00,Delivered,N/A,Rs. 212,35.80,"₹8,335.77",
ORD-100092,04/29/2025,DELIVERED,Marketplace,CUS11766,Vivaan Reddy,Regular,Bengaluru, ,Personal Care,5,0.93,MC-BLR,South,29-04-2025,2025-04-30,Standard,Prepaid,03-05-2025,03-05-2025,Completed,1,₹93.89,30.11,Rs. 6451,
ORD-100152,27-Mar-2025,Delivered,Marketplace,CUS19346,Aarav Das,Regular,Chennai,Tamil Nadu,Apparel,2,1.13,MC-BLR,South,29-Mar-2025,03/30/2025,Standard,Prepaid,2025-04-02,06-04-2025,Delivered - Late,1,110.73,38.00,8271.32,
ORD-100213,10-07-2025,Delivered,Mobile App,CUS38428,Pooja Gupta,Regular,Kolkata,West Bengal,Electronics,1,3.3,MC-KOL,East,13-07-2025,14-07-2025,Express,COD,07/16/2025,07/16/2025,Delivered,2,237.33,Rs. 102, ,
ORD-100771,09 November 2025,Delivered,Website,CUS21028,Aditya Joshi,Loyalty,Gurugram,Haryana,Home & Kitchen,1,4.33,Mc-Del,North,11/11/2025,2025-11-12,Economy,Prepaid,2025-11-17,11/17/2025,Delivered,1,115,59.49,5881.58,
ORD-100774,12-12-2025,Delivered,Mobile App,CUS35713,Manoj Verma,Loyalty,Chennai,Tamil Nadu,Home & Kitchen,1,6.27,MC-BLR,South,2025-12-14,2025-12-14,Express,COD,16-Dec-2025,2025-12-18,Delivered - Late,2,273.58,₹99.22,5396,
ORD-100803,05-08-2025,Delivered,Mobile App,CUS44836,Anjali Das,Regular,Kochi,Kerala,Apparel,1,0.75,MC-BLR,South,2025-08-06 00:00:00,07-08-2025,Standard,Prepaid,10-08-2025,08/09/2025,Delivered,1,90.79,Rs. 39,3715,
ORD-100689,08-07-2025,Delivered,Website,CUS22512,Vihaan Kumar,Loyalty,Hyderabad,Telangana,Apparel,5,1.51,MC-BLR,South,11-Jul-2025,11-Jul-2025,Express,Prepaid,2025-07-13,13-Jul-2025,Delivered,2,₹193.72,₹89.28,"14,607.30",
ORD-100367,2025-11-28,Delivered,Mobile App,CUS35926,Myra Verma,Regular,GURUGRAM,Haryana,Apparel,1,0.49,MC-DEL,North,2025-11-29,02-12-2025,Standard,COD,05-12-2025,12/06/2025,delivered - late,1,Rs. 104,51.09,Rs. 1119,
ORD-100068,14-09-2025,Delivered,Website,CUS25177,Nikhil Verma,Regular,Pune,Maharashtra,Electronics,1,2.73,MC-BOM,West,2025-09-14,14-09-2025,Economy,Prepaid,2025-09-19,2025-09-19,Delivered,1,85,34,3241,
ORD-100566,2025-07-30,Delivered,Website,CUS34757,Vihaan Singh,Regular,Raipur,Chhattisgarh,Furniture,1,29.34,MC-BOM,West,2025-07-30,2025-08-01,Economy,Prepaid,09-08-2025,09-08-2025,Delivered,NA,464.22,₹86.56,"35,872.03",
ORD-100675,08-Sep-2025,Cancelled,Mobile App,CUS19450,Nikhil Bose,Loyalty,Kochi,Kerala,Apparel,1,0.81,MC-BLR,South,09-09-2025,2025-09-09,Economy,Prepaid,14/09/2025,13-09-2025,cancelled,0,67.96,₹-6.06,2901,
ORD-100798,2026-01-14 00:00:00,Delivered,Retail Store,CUS37660,Ira Pillai,Loyalty,Mumbai,Maharashtra,Home & Kitchen,1,1.08,MC-BOM,West,14/01/2026,16-Jan-2026,Express,Prepaid,01/18/2026,01/18/2026,Delivered,1,207.80,Rs. 40,8743.30,
ORD-100180,06-10-2025,Delivered,Marketplace,CUS36063,Ishaan Rao,Regular,Pune,Maharashtra,Furniture,1,11.98,MC-BOM,West,10/09/2025,12-Oct-2025,Express,Prepaid,2025-10-14 00:00:00,10/21/2025,Delivered - Late,1,338.41,₹63.08,"₹9,467.87",
ORD-100314,24-10-2025,Delivered, ,CUS30876,Ayaan Kumar,Business,Hyderabad,Telangana,Electronics,3,3.63 kg,MC-HYD,South,26 October 2025,28-10-2025,Standard,Prepaid,2025-10-31,2025-11-01 00:00:00,delivered - late,2,143.68,Rs. 107,64473.75,
ORD-100717,02 December 2025,Delivered,Retail Store,CUS20229,Krishna Patel,Business,Bengaluru,Karnataka,Personal Care,1,1.08,mc-blr,South,04-Dec-2025, ,Economy,Prepaid,2025-12-11 00:00:00,11-Dec-2025,DELIVERED,1,Rs. 72,59.59,₹664.80,
ORD-100562,08/26/2025,Delivered,Marketplace,CUS32792,SURESH DAS,Regular,Gurugram,Haryana,Electronics,1 pcs,2.42,MC-DEL,North,26-08-2025,2025-08-27,Standard,Prepaid,30-08-2025,2025-09-04,delivered - late,2,119.84,82,11779,
ORD-100107,2025-08-25,Delivered,Website,CUS10498,Diya Kumar,Regular,Surat,Gujarat,Home & Kitchen,1,5.86,MC-BOM,West,NA,27/08/2025,Standard,COD,2025-08-30,2025-08-30,Delivered,1,181.38,37.38,2102.81,
ORD-100755,14-07-2025,Cancelled,Mobile App,CUS14095,Kavya Sharma,Regular,Kochi,Kerala,Apparel,1 pcs,1.08,MC-BLR,South,14-07-2025,14-07-2025,EXPRESS,Prepaid,N/A,,Cancelled,0,₹205.33,-11.92,1312.06,
ORD-100647,07/12/2025,Delivered,Mobile App,CUS48918,Anjali Mehta,Loyalty,Mumbai,Maharashtra,Personal Care,1,0.18,MC-BOM,West,14-Jul-2025,14-Jul-2025,Express,Prepaid,2025-07-16,2025-07-15 00:00:00,delivered,1,Rs. 190,₹43.37,1524,
ORD-100682,2025-08-14,Delivered,Website,CUS11455,Sanjay Kumar,Regular,Coimbatore,TN,Electronics,1,1.27,MC-HYD,South,2025-08-16,2025-08-17 00:00:00,STANDARD,Prepaid,08/20/2025,08/20/2025,Delivered,2,96.29,85.54,18047.72,
ORD-100057,2025-11-04,Delivered,Mobile App,CUS31834,  Navya Mehta  ,Loyalty, Bangalore,Karnataka,Electronics,1 pcs,4.83,MC-BLR,South,05-11-2025,2025-11-06,ECONOMY,Prepaid,11/11/2025,15/11/2025,Delivered - Late,1,Rs. 126,54.16,34473,
ORD-100218,2025-10-28,Delivered,Mobile App,CUS24067,Riya Gupta,Loyalty,Surat,Gujarat,Electronics,1,3.26,MC-BOM,West,10/30/2025,31-Oct-2025,Express,Prepaid,2025-11-02,2025-11-01,Delivered ,1,214,₹62.44,12119,
ORD-100042,2025-06-16,Delivered,Mobile App,CUS22546,NA,Regular,Delhi,Delhi,Home & Kitchen,1, ,MC-BLR,South,16-Jun-2025,2025-06-16 00:00:00,Standard,Prepaid,21-Jun-2025,06/20/2025,delivered,2,183,75,10058.82,
ORD-100177,21-Apr-2025,Delivered,Mobile App,CUS12492,Deepak Patel,Regular,Bengaluru,Karnataka,Electronics,1,3.99,mc-blr,South,04/22/2025,24-04-2025,express,Prepaid,26-04-2025,26 April 2025,Delivered,1,230.06,40,18488,
ORD-100706,26-11-2025,Delivered,Mobile App,CUS19881,Suresh Patel,Regular,Hyderabad,Telangana,Personal Care,1,0.3,MC-BLR,South,2025-11-28,2025-11-29,Express,Prepaid,12/01/2025,2025-12-04,Delivered - Late,1,Rs. 194,53.75,"₹1,125.73",
100308,24/07/2025,Delivered,Website,CUS34744,Vihaan Nair,Loyalty,Surat,Gujarat,Home & Kitchen,1,4.62,MC-BOM,West,2025-07-24,24-07-2025,Express,Prepaid,-,2025-07-25,DELIVERED,1,235.90,34.72,"₹8,033.16",
ORD-100173,31-10-2025,Delivered,Mobile App,CUS29857,Ira Das,Loyalty,Delhi,Delhi,Home & Kitchen,1,1.78,MC-DEL,North,2025-11-02,03-Nov-2025,Express,Prepaid,11/05/2025,2025-11-04,Delivered,1,191.71,50.59,8313.56,
ORD-100203,01-12-2025,Delivered,Mobile App,CUS32665,Arun Rao,Regular,Mumbai,Maharashtra,Personal Care,1,NULL,mc-kol,East,,04 December 2025,Express,COD,08-Dec-2025,07-12-2025,Delivered,2,₹258.03,129.13,510.79,
ORD-100729,12/18/2025,DELIVERED,Mobile App,CUS29947,Nikhil Reddy,Loyalty,Mumbai,Maharashtra,Apparel,1,0.75,MC-BOM,West,2025-12-18 00:00:00,19-12-2025,Express,Prepaid,21-12-2025,2025-12-23 00:00:00,Delivered - Late,1,₹185.29,51.44,"₹2,119.15",
ORD-100445,10/17/2025,Delivered,Website,CUS11496,Anika Gupta,Regular,delhi ,Delhi,Electronics,1,4.17,MC-DEL,North,19-10-2025,14-10-2025,Express,Prepaid,2025-10-23,2025-10-23,Delivered,1,226.79,57.80,18834.90,
ORD-100626,07-06-2025,delivered,Retail Store,CUS34864,Manoj Gupta,Regular,Ahmedabad,Gujarat,Electronics,1, ,MC-BOM,West,09-06-2025,2025-06-11,Express,Prepaid,06/13/2025,13-06-2025,Delivered ,1,203,42.75,Rs. 14378,
ORD-100659,2025-05-07,Delivered,Website,CUS24276,Vikram Gupta,Regular,Gurugram,-,Electronics,1,2.33,MC-DEL,North,05/09/2025,2025-05-09,Economy,COD,14-05-2025,13-May-2025,Delivered,1,105.38,31.03,17098.38,
ORD-100275,15-06-2025,Failed Delivery,Mobile App,CUS31382,Ayaan Rao,Regular,Bhubaneswar,Odisha,Electronics,1,4.86 kg,MC-KOL,East,2025-06-17 00:00:00,2025-06-18 00:00:00,STANDARD,Prepaid,22-Jun-2025,,RTO - Return to Origin,3,₹138.86,243,20477.81,RTO - Address Not Found
ORD-100596,27/05/2025,Delivered,Website,CUS31812,Kiara Shah,Loyalty,Bangalore,Karnataka,Electronics,1,4.18,MC-BLR,South,30 May 2025,31-05-2025,Express,Prepaid,02 June 2025,06/02/2025,DELIVERED,1,229.85,33.23,39862.47,
ORD-100448,11/11/2025,Delivered,Mobile App,CUS35409,Vihaan Agarwal,Loyalty, Kolkata,West Bengal,Home & Kitchen,1,4.07,MC-KOL,East,11/14/2025,16-11-2025,Exp,Prepaid,2025-11-18 00:00:00,2025-11-21,Delivered(Late),1,222.68,78.79,6972.53,
ORD-100252,26-06-2025,Delivered,Mobile App,CUS12281,Vihaan Mehta,Loyalty, Bangalore,Karnataka,Electronics,1,1.21,MC-HYD,South,30-06-2025,03-07-2025,Express,Prepaid,05-07-2025,2025-07-08 00:00:00,Delivered - Late,2,Rs. 208,87.93,36183.23,
ORD-100015,09-05-2025,delivered,Marketplace,CUS14688,Manoj Pillai,Regular,Kochi,Kerala,Personal Care,1,1.13,MC-BLR,South,09 May 2025,2025-05-10,Economy,Prepaid,2025-05-15,15-May-2025,Delivered,1,67,33.44,Rs. 1263,
ORD-100250,05/12/2025,Delivered,Mobile App,CUS32418,Aadhya Verma,Loyalty,Bengaluru,Karnataka,Electronics,1,2.67,MC-HYD,South,05-Dec-2025,2025-12-07,Express,Prepaid,2025-12-09,08-12-2025,Delivered,1,208.41,56.98,35854.35,
ORD-100011,05-08-2025,Delivered,Retail Store,CUS43051,Sneha Das,Loyalty,Lucknow,Uttar Pradesh,Personal Care,1,1.04,MC-DEL,North,05 August 2025,07 August 2025,Express,Prepaid,2025-08-09,2025-08-08,Delivered,1,203.57,39.88,"1,740.53",
ORD-100350,12/28/2025,Delivered,Website,CUS12050,Vivaan Joshi,Regular,Nagpur,Maharashtra,Personal Care,1,0.83,MC-DEL,North,2025-12-28,30-12-2025,Economy,COD,2026-01-07,07-01-2026,Delivered,2,143.83,82,Rs. 1346,
ORD-100315,16-11-2025,delivered,Mobile App,CUS37141,Pooja Pillai,Regular,BENGALURU,Karnataka,Personal Care,1,0.39,MC-BLR,South,17-Nov-2025,2025-11-19,Standard,COD,22-11-2025,11/21/2025,Delivered,2,121.25,98.09,1561.71,
ORD-100574,04/11/2025,Delivered,Retail Store,CUS40497,Aditya Agarwal,Loyalty,Delhi,Delhi,Electronics,1,3.02,MC-DEL,North,2025-04-11,04/11/2025,Standard,Prepaid,14-04-2025,14 April 2025,Delivered,1,136.87,31.41,"₹12,214.02",
100646,08/16/2025,Delivered,Website,CUS28645,Vikram Rao,Loyalty,Ahmedabad,Gujarat,Furniture,1,34.4,mc-bom,West,2025-08-17,2025-08-17,Express,Prepaid,19/08/2025,18-Aug-2025,Delivered,1,₹589.14,34,"36,742.78",
ORD-100366,28-07-2025,Delivered,Marketplace,CUS32450,NIKHIL REDDY,Regular,Bengaluru,Karnataka,Personal Care,4,0.49,MC-BLR,South,2025-07-29,30-07-2025,EXPRESS,Prepaid,2025-08-01,2025-08-04,Delivered - Late,1,NULL,42.88,3204,
ORD-100532,2025-07-28 00:00:00,Delivered,Mobile App,CUS11646,Shreya Joshi,Regular,Bhopal,Madhya Pradesh,Home & Kitchen,1,6.48,MC-BOM,West,2025-07-28,31-07-2025,Express,COD,2025-08-04,2025-08-07,Delivered - Late,3,327.80,₹132.71,1633,
ORD-100338,21-11-2025,Delivered,Website,CUS31873,Manoj Nair,Regular,Kolkata,West Bengal,Apparel,1 pcs,0.94,MC-KOL,East,22-11-2025,23 November 2025,Economy,COD,2025-11-29,12/03/2025,Delivered - Late,2,102.08,132.71,2523.37,
,08/12/2025,Delivered,Retail Store,CUS28721,Ramesh Singh,Regular,Gurugram,Haryana,Electronics,3,2.12,MC-DEL,North, ,2025-08-15,Economy,Prepaid,2025-08-20,19-08-2025,Delivered,1,71.68,Rs. 32,"126,590.40",
ORD-100300,12-11-2025,Delivered,-,CUS47486,Aditya Joshi,Regular,Nagpur,Maharashtra,Apparel,1,0.26,MC-DEL,North,11/13/2025,16-11-2025,STANDARD,COD,22-11-2025,2025-11-24,Delivered - Late,2,183,₹108.85,Rs. 3621,
ORD-100103,20-08-2025,Canceled,Marketplace,CUS49462,Diya Verma,Business,Chennai,Tamil Nadu,Personal Care,1,0.29,MC-HYD,South,21-08-2025,21/08/2025,express,Prepaid,2025-08-23,25-08-2025,Cancelled,0,182.59,-9.01,₹516.42,
ORD-100423,07/02/2025,Delivered,NA,CUS49898,Nikhil Pillai,Regular,Bhopal,Madhya Pradesh,Furniture,1,6.06,MC-DEL,North,02-07-2025,04-07-2025,Standard,Prepaid,2025-07-10,07/09/2025,Delivered,1,213,₹40.94,20845.57,
ORD-100660,25-Nov-2025,Delivered,Website,cus41629,Pooja Kumar,Loyalty,Surat,,Personal Care,1,0.93,MC-BOM,West,26-Nov-2025,2025-11-26 00:00:00,Express,Prepaid,11/28/2025,2025-11-29 00:00:00,Delivered - Late,1,₹200.11,62.95,299.08,
ORD-100583,11 November 2025,Delivered,Mobile App,CUS34798,  Ananya Kumar  ,Regular,Bengaluru,Karnataka,Electronics,1 pcs,3.71,MC-HYD,South,2025-11-14,11/16/2025,Standard,Prepaid,19-11-2025,11/22/2025,Delivered - Late,1,145.16,61,20373.41,
ORD-100122,03-12-2025,Delivered,Retail Store,CUS32459,Karthik Sharma,Regular,Bengaluru,Karnataka,Electronics,1,2.09,MC-HYD,South,06-Dec-2025,11-12-2025,Std,COD,14-Dec-2025,2025-12-14,Delivered,2,123.32,107,36280.27,
,14-09-2025,DELIVERED,Website,CUS39373,  Reyansh Naidu  ,Loyalty,Ahmedabad,Gujarat,Personal Care,1,1.12,MC-BOM,West,14-09-2025,09/15/2025,Express,Prepaid,09/17/2025,17-Sep-2025,Delivered ,1,,NA,392.55,
ORD-100640,23-Aug-2025,Delivered,Marketplace,CUS35238,Arun Naidu,Regular,Delhi,Delhi,Furniture,1,N/A,MC-BLR,South,24-08-2025,26-08-2025,Express,COD,30-08-2025,30-Aug-2025,Delivered,1,370,30.83,16550.29,
100609,28 October 2025,Delivered,Marketplace,CUS26675,Shreya Gupta,Loyalty,Mumbai,Maharashtra,Home & Kitchen,1,3.04,MC-BOM,West,29 October 2025,2025-10-30,Standard,COD,02-Nov-2025,06-11-2025,Delivered - Late,1,₹154.70, ,4041.28,
ORD-100109,02-09-2025,Cancelled,Marketplace,CUS24813,Arun Agarwal,Business,Nagpur,maharashtra,Furniture,1 pcs,41.66,MC-BOM,West,02-Sep-2025,03-09-2025,Express,Prepaid,09/07/2025,,cancelled,0,751.45,₹-6.57,43415.57,
ORD-100658,21/09/2025,Delivered,Website,CUS27329,Reyansh Sharma,Loyalty,Chennai,Tamil Nadu,Home & Kitchen,1,7.78,MC-HYD,South,09/21/2025,22-Sep-2025,Express,COD,2025-09-24,23-09-2025,Delivered,1,302,38.81,4754.48,
ORD-100603,09-Jul-2025,DELIVERED,Website,CUS29105,Sai Verma,Regular,Ahmedabad,Gujarat,Apparel,1 pcs,0.16,MC-BOM ,West,11 July 2025,11-Jul-2025,Economy,Prepaid,16-07-2025,15 July 2025,Delivered,1,71,₹42.67,413.26,
ORD-100795,26/10/2025,Returned,Retail Store,CUS10818,Anjali Sharma,Loyalty,Pune,Maharashtra,Furniture,1,30.46,MC-BOM,West,29-10-2025,2025-10-31,EXPRESS,COD,02-11-2025,01-11-2025,Returned by Customer,2,561.50,Rs. 105,"14,691.38",Assembly Issue
ORD-100373,02/09/2025,Delivered,Mobile App,CUS42250,Nikhil Joshi,Regular,Surat,Gujarat,Furniture,1,9.11,MC-BOM,West,03-09-2025,03-09-2025,economy,Prepaid,2025-09-08,2025-09-07,delivered,1,174.51,38,34206.39,
ORD-100632,22 June 2025,Delivered,Marketplace,CUS36071,  Divya Pillai  ,Regular,Bengaluru,Karnataka,Home & Kitchen,1,8.36,MC-BLR,South,22/06/2025,25-06-2025,Economy,Prepaid,2025-06-30,06/30/2025,Delivered,1,169.40,42.61,2152,
ORD-100088,16 March 2025,Delivered,Website,CUS12792,Meera Menon,Regular,Gurugram,Haryana,Apparel,1,0.52,MC-DEL,North,2025-03-16,16 March 2025,Standard,Prepaid,19-Mar-2025,03/19/2025,Completed,1,₹110.35,Rs. 38,2730.71,
ORD-100209,12/21/2025,DELIVERED,Marketplace,CUS31310,Priya Das,Business,Delhi,DL,Electronics,1,3.96,MC-DEL,North,21-Dec-2025,22 December 2025,Standard,Prepaid,25-12-2025,29-Dec-2025,Delivered - Late,1,₹140.68,64,5673.01,
ORD-100535,2025-09-11,Delivered,Website,CUS20580,Aarav Menon,Loyalty,Bhopal,Madhya Pradesh,Apparel,2,0.12,MC-DEL,North,12-09-2025,2025-09-13,Express,COD,09/17/2025,2025-09-17,Delivered,2,248.85,84,3735,
ORD-100162,16-09-2025,Delivered,Marketplace,CUS34311,Sneha Rao,Regular,Noida,Uttar Pradesh,Home & Kitchen,3,1.25,mc-del,North,17-Sep-2025,18-09-2025,Economy,COD,09/23/2025,23-09-2025,Delivered,1,82.24,38.31,24191.43,
ORD-100093,2025-08-16 00:00:00,Delivered,Marketplace,CUS12008,Diya Iyer,Regular,Hyderabad,Telangana,Home & Kitchen,1,7.75,MC-HYD,South,17/08/2025,2025-08-18,Express,COD,20-08-2025,16-08-2025,Delivered,1,282,39.22,11021.34,
ORD-100169,20 May 2025,Delivered,Website,CUS30480,Sneha Mehta,Loyalty,Coimbatore,Tamil Nadu,Furniture,1,23.4,MC-BLR,South,21-05-2025,22-05-2025,Economy,Prepaid,27 May 2025,26-05-2025,Delivered,1,329,-,"₹46,223.09",
ORD-100757,06/27/2025,Delivered,Marketplace,CUS43768,  Saanvi Verma  ,Regular,Coimbatore,Tamilnadu,Electronics,1,3.9,MC-BLR,South,2025-06-27,06/27/2025,Standard,Prepaid,30-Jun-2025,07/02/2025,Delivered - Late,1,131,38.97,33660.45,
ORD-100709,10-11-2025,Delivered,Website,CUS18528,Aarav Singh,Regular,Kochi,Kerala,Apparel,1,1.14,MC-BLR,South,2025-11-10 00:00:00,2025-11-12,EXPRESS,COD,14-11-2025,2025-11-16,Delivered - Late,1,209.48, ,"₹4,235.79",
ORD-100024,03-11-2025,Delivered,Website,CUS37729,Anjali Sharma,Loyalty,Jaipur,Rajasthan,Personal Care,1,0.92,MC-DEL ,North,03-11-2025,04 November 2025,Exp,COD,06-Nov-2025,11/06/2025,Delivered,1,214,53.71,1665.04,
ORD-100139,20-05-2025,Delivered,Mobile App,CUS33494,VIKRAM AGARWAL,Loyalty,Jaipur,Rajasthan,Apparel,3,0.83,MC-DEL,North,2025-05-20,20-May-2025,Express,Prepaid,22-05-2025,05/22/2025,DELIVERED,1,181.86,39.42,Rs. 2847,
ORD-100012,2025-11-05 00:00:00,Delivered,Website,CUS48438,Sneha Sharma,Loyalty,Guwahati,Assam,Electronics,1,0.86,MC-KOL,East,2025-11-06,06-11-2025,Express,Prepaid,2025-11-08,2025-11-12,Delivered(Late),1,181.83,₹82.73,31686,
ORD-100244,2026-01-01 00:00:00,Returned,Marketplace,CUS39751,Suresh Rao,Loyalty,Chennai,Tamil Nadu,Personal Care,1,0.29 kg,mc-blr,South,2026-01-02,02-01-2026,Express,Prepaid,04-01-2026,01/04/2026,Customer Return,2,182.55,83.23,897.05,Quality Issue
ORD-100405,17-04-2025,Delivered,Website,CUS30223,Ishaan Pillai,Regular,Surat,Gujarat,Personal Care,1,1.19,MC-BLR,South,18-04-2025,19-04-2025,Express,COD,2025-04-23,04/23/2025,DELIVERED,1,262.09,39.99,1178.55,
ORD-100217,14-12-2025,DELIVERED,Website,CUS10110,Sanjay Shah,Business,Gurugram,Haryana,Personal Care,2,0.37,mc-del,North,17-12-2025,2025-12-17 00:00:00,Express,COD,19-Dec-2025,2025-12-19,Delivered,2,193.29,104.68,Rs. 3836,
100433,2025-07-07,delivered,Marketplace,CUS36467,Reyansh Verma,Regular,Chennai,Tamil Nadu,Personal Care,1,1.0,MC-BLR,South,N/A,07-07-2025,Surface,-,12-07-2025,2025-07-14,Delivered(Late),1,₹64.77,42,₹996.77,
100736,30-Jul-2025,RETURNED,Marketplace,CUS49657,Riya Shah,Regular,Bengaluru,Karnataka,Apparel,1,0.7,MC-BLR,South,07/30/2025,31-07-2025,Standard,Prepaid,03-Aug-2025,03 August 2025,Returned by Customer,1,Rs. 92,₹41.23,2553,Wrong Size/Fit
ORD-100347,18-06-2025,Delivered,Mobile App,CUS43476,Ira Agarwal,Loyalty,Pune,Maharashtra,Apparel,1 pcs,0.93,MC-BOM ,West,06/18/2025,19-06-2025,STANDARD,COD,06/22/2025,2025-06-21 00:00:00,Delivered,1,108,Rs. 32,3790,
ORD-100440,30/06/2025,Failed Delivery,Marketplace,CUS25131,Vikram Singh,Regular,GURUGRAM,Haryana,Home & Kitchen,1,4.28,MC-DEL,North,01/07/2025,2025-07-01,Express,Prepaid,03-07-2025,,RTO - Return to Origin,2,246.16,178.51,₹705.34,RTO - Address Not Found
ORD-100600,11/14/2025,Delivered,Website,CUS44726,Kavya Patel,Business,Chennai,Tamil Nadu,Apparel,1,0.3,MC-HYD,South,2025-11-15,16-Nov-2025,Express,Prepaid,18-11-2025,22-Nov-2025,Delivered - Late,1,191.05,52.34,"₹3,154.01",
ORD-100084,2025-06-04 00:00:00,Delivered,Mobile App,CUS37660,Sneha Chatterjee,Business,DELHI,Delhi,Electronics,1,0.67,MC-DEL,North,04/06/2025,06-06-2025,Standard,Prepaid,2025-06-09,06/11/2025,Delivered - Late,1,100,₹40.45,43307.08,
ORD-100271,07-08-2025,Delivered,Marketplace,CUS24128,Neha Iyer,Loyalty,Delhi,Delhi,Electronics,1,0.68,MC-DEL,North,07-08-2025,08 August 2025,Express,Prepaid,2025-08-10,10 August 2025,Delivered,1,Rs. 198,₹32.38,40825,
ORD-100715,28-Nov-2025,Delivered,Mobile App,CUS15134,Deepak Reddy,Regular,Pune,Maharashtra,Apparel,1,1.15,MC-BOM,West,30-11-2025,04-12-2025,Standard,COD,12/07/2025,2025-12-09,Delivered - Late,1,Rs. 132,64.42,"₹3,191.98",
ORD-100719,2025-08-08,Delivered,Website,CUS30186,Vivaan Shah,Loyalty,Surat,Gujarat,Electronics,1,4.78,MC-BOM,West,08/08/2025,09-08-2025,Standard,COD,08/12/2025,2025-08-11,Delivered,1,Rs. 176,41.96,10726.74,
ORD-100253,18-06-2025,Delivered,Website,CUS27966,Vihaan Pillai,Loyalty,Delhi,DL,Apparel,1,1.44,MC-DEL,North,20/06/2025,NA,Standard,COD,24-Jun-2025,2025-06-23,Delivered,2,Rs. 126,Rs. 89,"₹1,313.57",
ORD-100756,04-06-2025,Delivered,Mobile App,CUS40648,  Sanjay Iyer  ,Regular,Surat,Gujarat,Apparel,1,1.06,MC-DEL,North,04-06-2025,2025-06-05,Standard,Prepaid,10-06-2025,10/06/2025,DELIVERED,1,173.71,₹44.23,391,
ORD-100614,2025-09-17,Delivered,Retail Store,CUS32089,Navya Menon,Regular,Delhi,Delhi,Furniture,1,29.38,MC-DEL,North,2025-09-18,18-Sep-2025,Standard,Prepaid,2025-09-21,21-Sep-2025,Delivered,1,449,38,47738.68,
ORD-100379,14-Oct-2025,Delivered,Retail Store,CUS15176,Myra Singh,Regular,Noida,UP,Electronics,1,4.29 kg,MC-DEL,North,15-10-2025,10/18/2025,Economy,Prepaid,23-10-2025,10/27/2025,Late Delivery,1,115,54,44250.72,
ORD-100354,08-May-2025,Delivered,Marketplace,CUS28064,Aadhya Patel,Regular,Mumbai,Maharashtra,Furniture,1,16.63,MC-BOM,West,08-05-2025,2025-05-08,Std,Prepaid,11-May-2025,2025-05-11 00:00:00,Completed,1,₹293.30,Rs. 35,Rs. 33933,
ORD-100617,01-09-2025,Delivered,Mobile App,CUS29336,Vihaan Shah,Business,Hyderabad,Telangana,Home & Kitchen,1,6.93,MC-BLR,South,2025-09-02,09/05/2025,Express,Prepaid,2025-09-07,06/09/2025,Delivered,1,261.18,Rs. 36,5205.18,
ORD-100324,2025-12-04,Delivered,Mobile App,CUS34670,Arjun Shah,Regular,Bhopal,Madhya Pradesh,Furniture,1,23.69,MC-BOM,West,07-12-2025,11-12-2025,STANDARD,COD,17-12-2025,17-12-2025,Delivered,2,461,103.48,"₹15,011.91",
ORD-100462,2025-05-22 00:00:00,Delivered,Mobile App,CUS27842,  Riya Das  ,Regular,Kolkata,West Bengal,Personal Care,1,1.05,MC-KOL,East,23-05-2025,24-05-2025,Standard,Prepaid,28/05/2025,2025-05-28,Delivered,2,116,101.75,942.01,
ORD-100604,2025-12-04 00:00:00,Delivered,Website,CUS38857,Vivaan Shah,Regular, Mumbai,Maharashtra,Electronics,1,2.23,MC-BOM,West,2025-12-06 00:00:00,2025-12-09,Economy,Prepaid,14/12/2025,12/18/2025,Delivered - Late,1,92.45,54,25024.36,
ORD-100530,13-09-2025,Delivered,Website,CUS16128,Priya Agarwal,Loyalty,Kochi,Kerala,Home & Kitchen,1,2.86,MC-BLR,South,2025-09-13,2025-09-13 00:00:00,Express,COD,15-09-2025,2025-09-15,Delivered,2,N/A,₹86.83,"10,450.71",
100744,2025-10-23,Failed Delivery,Website,CUS38143,Anjali Joshi,Loyalty,Bhubaneswar,Odisha,Electronics,2,1.11,MC-KOL,East,2025-10-25,2025-10-26 00:00:00,Express,Prepaid,28 October 2025,,Return to Origin,4,197.46,317.08,83083.38,RTO - Customer Non-Contactable
ORD-100248,10/20/2025,Delivered,Marketplace,CUS31183,Manoj Menon,Regular,Delhi,Delhi,Personal Care,1,0.51,MC-DEL,North,2025-10-23,2025-10-25 00:00:00,Economy,COD,10/30/2025,30-10-2025,Delivered,1,Rs. 77,Rs. 54,522.93,
ORD-100579,21 October 2025,Delivered,Website,CUS10362,Reyansh Naidu,Business,Bengaluru,Karnataka,Electronics,1,0.43,MC-BLR,South,25-10-2025,10/31/2025,Express,Prepaid,02-11-2025,02 November 2025,Delivered ,2,₹200.12,63,39486.16,
ORD-100553,08/27/2025,Delivered,Marketplace,CUS28962,Sanjay Joshi,Loyalty,Mumbai,Maharashtra,Electronics,1,2.44,MC-BOM,West,2025-08-27,28-08-2025,Economy,Prepaid,02/09/2025,2025-09-02,Delivered,1,95,39.66,37198.66,
ORD-100353,2025-10-30,Delivered,Mobile App,CUS12039,Myra Chatterjee,Loyalty,Pune,Maharastra,Furniture,1 pcs,32.11,MC-BOM,West,11/01/2025,2025-11-03,Economy,Prepaid,08-11-2025,2025-11-10,Delivered - Late,1,455.22,55.05,56895.76,
ORD-100485,22-11-2025,Delivered,Marketplace,CUS43707,AADHYA NAIR,Regular,Kochi,Kerala,Personal Care,5,0.57,MC-BLR,South,24-11-2025,25 November 2025,Express, ,2025-11-27 00:00:00,2025-11-29,Delivered - Late,1,N/A,53,"₹6,920.15",
ORD-100283,06-Apr-2025,Delivered,Retail Store,CUS49073,Suresh Sharma,Business,Ahmedabad,Gujarat,Apparel,1,0.35,MC-KOL,East,,2025-04-07,Standard,Prepaid,12/04/2025,15-Apr-2025,Delivered - Late,1,₹161.94,67.82,NULL,
ORD-100620,2025-08-31 00:00:00,Delivered,Website,CUS37257,Diya Das,Regular,Bhubaneswar,Odisha,Apparel,1,0.52,MC-KOL,East,01 September 2025,02/09/2025,Express,COD,2025-09-04 00:00:00,04-09-2025,Delivered,2,212.88,103.61,1757,
ORD-100615,20-May-2025,Delivered,Mobile App,CUS33279,Ishaan Singh,Regular,Nagpur,Maharashtra,Electronics,1,4.04,Mc-Del,North,2025-05-20,21/05/2025,Express,Prepaid,05/25/2025,2025-05-25,DELIVERED,1,290.11,31,36605.27,
ORD-100564,10/28/2025,delivered,Website,CUS25976,  Kiara Chatterjee  ,Loyalty,Bhubaneswar,NA,Personal Care,4,NULL,MC-HYD,South,30-Oct-2025,31/10/2025,Express,Prepaid,2025-11-04,06-Nov-2025,Delivered - Late,1,245.97,₹54.75,2906.20,
100364,2025-12-04,Delivered,Marketplace,CUS47396,Ishaan Rao,Business,Gurugram,Haryana,Electronics,1,2.94,MC-DEL,North,04-Dec-2025,07-Dec-2025,Standard,Prepaid,10/12/2025,10/12/2025,Delivered,1,128.33,₹62.06,"₹32,288.34",
ORD-100685,05-Nov-2025,DELIVERED,Marketplace,CUS39352,Pooja Joshi,Loyalty,Jaipur,Rajasthan,Personal Care,3,0.81,MC-DEL,North,11/07/2025,09 November 2025,Express,COD,11-11-2025,2025-11-10 00:00:00,Delivered,1,Rs. 218,55,"4,841.70",
ORD-100718,27-Aug-2025,Delivered,Mobile App,CUS24846,Navya Chatterjee,Business,Chandigarh,NA,Electronics,1,2.64,MC-DEL,North,28-08-2025,28-08-2025,Express,Prepaid,2025-08-30,08/30/2025,Delivered,1,215.63,32.98,43376.24,
ORD-100523,06-Aug-2025,Delivered,Retail Store,CUS48330,Anjali Gupta,Regular,Delhi,New Delhi,Apparel,1,1.15,MC-DEL,North,06-08-2025,08/06/2025,Express,COD,08-Aug-2025,08/07/2025,Delivered,2,Rs. 218,77,2623.39,
ORD-100276,06/11/2025,Delivered,Mobile App,CUS33869,-,Loyalty,Patna  ,Bihar,Apparel,4,0.65,MC-DEL,North,2025-11-06,10-11-2025,Express,Prepaid,14-11-2025,19-11-2025,Delivered - Late,1,260.95,₹55.69,7777.96,
ORD-100129,2025-08-26,Delivered,Marketplace,CUS48479,Vikram Bose,Regular,Bhopal,Madhya Pradesh,Furniture,1,14.15,MC-BOM,West,26-08-2025,29-Aug-2025,Standard,Prepaid,04-09-2025,07-Sep-2025,Late Delivery,1,Rs. 327,₹40.87,"₹4,887.76",
ORD-100674,2025-11-05,Delivered,Website,CUS38685,Vihaan Shah,Loyalty,Delhi,Delhi,Home & Kitchen,1,0.93,MC-DEL,North,07-11-2025,09-11-2025,express,Prepaid,11-11-2025,10-Nov-2025,Delivered,1,₹192.04,64.54,4239,
ORD-100249,15-May-2025,Delivered,Website,CUS30085,Vihaan Das,Regular,Ahmedabad  ,Gujarat,Electronics,1,3.23,MC-BOM,West,15-05-2025,15-May-2025,Economy,Prepaid,20-05-2025,2025-05-19,Delivered,1,106,Rs. 44,N/A,
ORD-100408,19-Sep-2025,Delivered,Website,CUS31036,Navya Gupta,Business,Bangalore,Karnataka,Electronics,2,1.51,MC-HYD ,South,09/19/2025,09/20/2025,Standard,Prepaid,09/23/2025,23-09-2025,DELIVERED,1,₹112.71,44,40163,
ORD-100678,31-Oct-2025,Delivered,Mobile App,CUS15962,Manoj Agarwal,Loyalty,Hyderabad,TS,Apparel,2,0.27,MC-BLR,South,03 November 2025,2025-11-04 00:00:00,Express,Prepaid,2025-11-06,08-11-2025,Delivered - Late,1, ,50.75,1597.26,
ORD-100733,09/26/2025,Delivered,Marketplace,CUS43915,Sai Reddy,Loyalty,Bengaluru,Karnataka,Furniture,1,28.99,MC-BLR,South,28-09-2025,30-Sep-2025,STANDARD,Prepaid,03-Oct-2025,03-10-2025,Delivered,1,₹449.09,32.23,8940.74,
ORD-100345,01-01-2026,Delivered,Marketplace,NULL,Pooja Bose,Loyalty,Bhopal,Madhya Pradesh,Furniture,1,12.79,mc-bom,West,2026-01-01 00:00:00,2026-01-02 00:00:00,Economy,Prepaid,10-01-2026,2026-01-13,Delivered - Late,2,258.79,₹84.57,10288,
ORD-100687,26-06-2025,delivered,Mobile App,CUS28428,NULL,Regular,Ahmedabad,Gujarat,Home & Kitchen,1,0.8,MC-BOM,West,06/26/2025,26 June 2025,Economy,Prepaid,07/01/2025,22-06-2025,delivered - late,1,Rs. 70,42.74,Rs. 643,
ORD-100435,26-10-2025,Delivered,Mobile App,CUS21971,Ayaan Shah,Regular,Bengaluru,Karnataka,Apparel,2,1.11,MC-BLR,South,28-10-2025,2025-11-01,EXPRESS,COD,03-11-2025,2025-11-06,Delivered - Late,2,Rs. 217,97.53,"₹3,918.10",
ORD-100764,13-08-2025,Delivered,Marketplace,CUS39308,Arun Rao,Loyalty,Lucknow,Uttar Pradesh,Furniture,1,28.98,mc-del,North,15-08-2025,17-08-2025,EXPRESS,COD,2025-08-19,25 August 2025,Delivered - Late,1,549.15,37,"53,785.05",
100045,2025-06-21 00:00:00,Delivered,Mobile App,CUS44339,Vikram Agarwal,Regular,Jaipur,Rajasthan,Apparel,1,0.89,MC-DEL,North,22-06-2025,06/23/2025,Economy,COD,06/28/2025,02 July 2025,Delivered - Late,2,₹94.33,78.45,664.40,
ORD-100457,2025-06-13,Delivered,Website,CUS31071,Swati Kumar,Regular,Mumbai  ,Maharashtra,Electronics,1,1.46,mc-bom,West,2025-06-14,2025-06-15,Economy,Prepaid,2025-06-20,N/A,Delivered,1,₹78.94,33,43004,
ORD-100651,2025-09-17,Delivered,Marketplace,CUS12251,Krishna Mehta,Regular,Chennai,Tamil Nadu,Apparel,1,-,MC-BLR,South,2025-09-18,2025-09-19 00:00:00,Standard,COD,22-09-2025,22 September 2025,DELIVERED,1,127,36,4465.08,
ORD-100341,09-09-2025,Delivered,Marketplace,CUS18049,Vikram Shah,Business,Bombay,Maharashtra,Apparel,1,0.32,MC-BOM,West,10 September 2025,2025-09-12 00:00:00,Standard,Prepaid,15 September 2025,2025-09-19 00:00:00,Delivered - Late,1,92.60,37,2863.30,
ORD-100021,14-11-2025,Delivered,Website,CUS33770,Saanvi Pillai,Regular,Hyderabad,Telangana,Personal Care,1,0.22,MC-HYD,South,11/15/2025,11/16/2025,Standard,Prepaid,2025-11-19 00:00:00,11/23/2025,Delivered - Late,1,97.05,60.74,336.16,
ORD-100416,02/11/2025,Cancelled,Mobile App,CUS28219,Aarav Joshi,Regular,Mumbai, ,Furniture,1,14.99,MC-BOM,West,11/02/2025,2025-11-05,ECONOMY,COD,2025-11-10,,CANCELLED,0,249.40,₹17.94,"₹13,717.00",
ORD-100753,30-09-2025,Delivered,Marketplace,CUS17615,Aadhya Bose,Loyalty,Noida,UP,Home & Kitchen,1,5.42,MC-DEL,North,2025-09-30,30-Sep-2025,Express,Prepaid,2025-10-02,2025-10-02,Delivered ,NULL,258,33.44,5650.78,
ORD-100430,2025-09-16,Delivered,Mobile App,CUS41692,  Arun Shah  ,Regular,Ahmedabad,Gujarat,Apparel,1,1.14,MC-BOM,West,16-09-2025,17-Sep-2025,STANDARD,COD,2025-09-20 00:00:00,2025-09-13,Completed,,109.49,₹32.31,"₹1,938.07",
ORD-100120,2025-05-28,Delivered,Marketplace,CUS42159,DEEPAK VERMA,Loyalty,Lucknow,UP,Apparel,1,1.18,MC-DEL,North,2025-05-28,28 May 2025,Express,Prepaid,2025-05-30,29-05-2025,Delivered,1,193.56,33.65,1024,
ORD-100745,2025-09-04,Returned,Website,CUS47448,Reyansh Kumar,Regular,Chennai,Tamil Nadu,Home & Kitchen,1,1.65,MC-HYD,South,N/A,06-09-2025,Express,Prepaid,08/09/2025,08 September 2025,Returned by Customer,1,195,44.61,8910,Damaged in Transit
ORD-100525,30 August 2025,Delivered,Website,CUS21577,Divya Pillai,Business,KOLKATA,West Bengal,Apparel,1,0.33,MC-BLR,South,31-Aug-2025,31-08-2025,Express,Prepaid,2025-09-04,04-09-2025,Delivered,1,235.83,40,"₹3,067.44",
ORD-100116,2025-12-24,Delivered,Mobile App,CUS47059,Ira Reddy,Loyalty,Jaipur,Rajasthan,Personal Care,1,0.63,MC-DEL,North,25 December 2025,2025-12-21,Express,Prepaid,28 December 2025,30-Dec-2025,Delivered - Late,1,₹201.31,56.47,358.98,
ORD-100042,2025-06-16,Delivered,Mobile App,CUS22546,NA,Regular,Delhi,Delhi,Home & Kitchen,1, ,MC-BLR,South,16-Jun-2025,2025-06-16 00:00:00,Standard,Prepaid,21-Jun-2025,06/20/2025,delivered,2,183,75,10058.82,
ORD-100383,08-12-2025,Delivered,Website,cus29995,Riya Rao,Regular,Pune,Maharashtra,Apparel,1,0.63,MC-BOM,West,2025-12-10,12/11/2025,Standard,COD,14-12-2025,2025-12-13,Delivered,1,₹120.57,54.60,2264,
ORD-100220,27-08-2025,Delivered,Marketplace,CUS40754,  Aditya Joshi  ,Regular,Chennai,TN,Apparel,1,1.43 kg,MC-HYD,South,28-08-2025,2025-08-29 00:00:00,Express,COD,31-08-2025,02-09-2025,Delivered - Late,2,203.68,₹81.32,3313.99,
ORD-100491,23-Nov-2025,Delivered,Marketplace,CUS13356,Nikhil Rao,Loyalty, Mumbai,Maharashtra,Personal Care,1,N/A,Mc-Kol,East,25/11/2025,27-Nov-2025,EXPRESS,Prepaid,2025-12-01,04 December 2025,delivered - late,1,243.66,82.46,1768,
ORD-100130,11/09/2025,Delivered,Mobile App,CUS26957,Navya Patel,Regular,Noida,Uttar Pradesh,Electronics,1,4.14,MC-DEL ,North,2025-11-11,12-Nov-2025,Express,Prepaid,14 November 2025,18-11-2025,Delivered - Late,1,240,55.32,29425.84,
ORD-100623,30-10-2025,Delivered,Website,CUS23601,Aarav Menon,Regular,Raipur,Chhattisgarh,Furniture,2,25.92,MC-DEL,North,30/10/2025,03/11/2025,Economy,Prepaid,11-11-2025,13-11-2025,DELIVERED-LATE,2,₹427.94,₹100.56,103814.40,
ORD-100309,2025-12-05,DELIVERED,Mobile App,CUS32850,Sanjay Gupta,Regular,Delhi,Delhi,Personal Care,4 pcs,N/A,MC-DEL,North,2025-12-08,12-12-2025,Express,Prepaid,2025-12-14,13-Dec-2025,Delivered,1,₹178.57,Rs. 58,8596.56,
ORD-100783,20-07-2025,Delivered,Retail Store,CUS40981,Aarav Das,Loyalty,Pune,MH,Personal Care,1,0.38,MC-BOM,West,2025-07-21,23-Jul-2025,Standard,Prepaid,26 July 2025,07/26/2025,Delivered,1,102,41.43,1875,
ORD-100469,01-09-2025,Delivered,Website,CUS23891,Ayaan Shah,Regular,Surat,N/A,Electronics,1 pcs,1.14,MC-BOM,West,01-09-2025,02-09-2025,Standard,Prepaid,05-09-2025,05-09-2025,Delivered,1,96.02,Rs. 44,"12,270.45",
100666,20/06/2025,Delivered,Marketplace,CUS43566,Manoj Naidu,Regular,Hyderabad,telangana,Home & Kitchen,1,7.17,MC-BLR,South,21/06/2025,21-Jun-2025,Express,COD,23-Jun-2025,23-06-2025,Delivered,2,289.31,87.92,"₹1,179.79",
ORD-100514,30-07-2025,Delivered,Retail Store,CUS17371,Karthik Verma,Regular,Raipur,Chhattisgarh,Apparel,1,1.18 kg,MC-BOM,West,2025-07-30,01-08-2025,Express,Prepaid,05-Aug-2025,05-Aug-2025,Completed,1,267.22,₹33.79,3583.89,
ORD-100434,04-Jul-2025,Delivered,Mobile App,CUS40966,Saanvi Kumar,Regular,Lucknow,Uttar Pradesh,Electronics,1,4.08,MC-DEL ,North,04-07-2025,2025-07-04,Express,Prepaid,06-07-2025,07-07-2025,Delivered - Late,1,₹220.70,45,"₹2,515.78",
ORD-100665,14-Jan-2025,Delivered,Website,15305,Sneha Shah,Loyalty,mumbai,Maharashtra,Personal Care,1,1.09,MC-BOM,West,15/01/2025,16-01-2025,Express,COD,18-01-2025,18-Jan-2025,Delivered ,NULL,215,-,1333.38,
ORD-100699,18-11-2025,Failed Delivery,Marketplace,CUS42116,Pooja Patel,Regular,Hyderabad,Telangana,Electronics,3,1.29,MC-BLR,South,19 November 2025,2025-11-21,Economy,Prepaid,26/11/2025,,RTO,3,65.77,₹241.01,116020.20,RTO - Address Not Found
ORD-100697,2025-05-03,Delivered,-,CUS45870,Swati Verma,Regular,Coimbatore,TN,Personal Care,1,1.03,MC-BLR,South,05/04/2025,05/05/2025,Express,COD,2025-05-07,11-May-2025,Delivered - Late,2,203,89.82,"₹1,352.30",
ORD-100386,2025-06-15,Delivered,Mobile App,CUS33776,Sanjay Kumar,Loyalty,Hyderabad,Telangana,Electronics,1,0.52,MC-BLR,South,15-06-2025,16-06-2025,Express,Prepaid,06/18/2025,06/17/2025,Delivered,1,₹197.34,35.37,"25,435.55",
ORD-100259,07/10/2025,FAILED,Mobile App,CUS40012,Divya Verma,Regular,DELHI,Delhi,Apparel,1,1.31,Mc-Del,North,11-07-2025,07/14/2025,Economy,Prepaid,19-07-2025,,RTO - Return to Origin,0,79.31,220.43,870.07,RTO - Max Attempts Exhausted
ORD-100474,06-Jan-2026,Delivered,Mobile App,CUS17213,Diya Singh,Business,Kochi,Kerala,Home & Kitchen,1,8.0,MC-BLR,South,2026-01-06,2026-01-03,Express,Prepaid,01/08/2026,01/07/2026,Delivered ,1,277,₹42.57,2529.72,
ORD-100534,09/06/2025,delivered,Website,CUS44845,Ishaan Joshi,Regular,Mumbai,Maharashtra,Electronics,1,0.26,MC-BOM ,West,09-06-2025,2025-06-11,Economy,Prepaid,2025-06-16,16-Jun-2025,delivered,1,₹61.74,₹42.39,"₹18,633.48",
ORD-100265,2025-11-09,Failed Delivery,Mobile App,CUS24550,Arjun Sharma,Loyalty,Ahmedabad,Gujarat,Home & Kitchen,1,8.2,MC-BOM,West,2025-11-10,11/11/2025,EXPRESS,Prepaid,13-Nov-2025,,RTO - Return to Origin, ,₹286.58,Rs. 243,"11,931.78",RTO - Address Not Found
ORD-100811,04-01-2026,Delivered,Mobile App,CUS39468,Aditya Shah,Regular,Delhi,Delhi,Apparel,1,1.55 kg,MC-DEL,North,2026-01-05 00:00:00,2026-01-06,Economy,COD,2026-01-11,2026-01-11 00:00:00,Delivered,2,-250.00,85,NA,
ORD-100728,2025-10-22,Delivered,Mobile App,CUS28965,Ishaan Bose,Regular,Pune,Maharashtra,Home & Kitchen,1,7.01,MC-BOM,West,22-10-2025,-,Std,COD,10/27/2025,26-10-2025,Delivered,1,179.83,52.37,"₹3,150.57",
ORD-100124,03-06-2025,Delivered,Mobile App,CUS13066,Sneha Bose,Loyalty,GURUGRAM,Haryana,Home & Kitchen,1,7.11,MC-DEL ,North,03/06/2025,05-Jun-2025,Express,COD,2025-06-07,07-06-2025,DELIVERED,1,₹271.32,44,"10,170.83",
ORD-100384,07/12/2025,Delivered,Website,CUS22873,Karthik Chatterjee,Regular,Chennai,Tamil Nadu,Personal Care,1,0.68,mc-blr,South,08-12-2025,10/12/2025,economy,Prepaid,2025-12-15,12/14/2025,Delivered,1,70.35,62.78,361.29,
ORD-100547,22-08-2025,delivered,Marketplace,CUS36997,Aarav Naidu,Business,DELHI,Delhi,Apparel,1,0.79,MC-BLR,South,2025-08-24,25-Aug-2025,express,Prepaid,2025-08-29,28-08-2025,Delivered,1,Rs. 252,43.03,"3,416.34",
ORD-100070,2025-06-25,Delivered,Website,CUS30106,Sneha Reddy,Regular,Hyderabad,Telangana,Electronics,1,4.53,MC-HYD ,South,25-06-2025,06/26/2025,Express,Prepaid,2025-06-28 00:00:00,01 July 2025,Delivered - Late,1,NA,35.00,18159.41,
ORD-100085,2025-11-08,Failed Delivery,Website,CUS31668,Aditya Iyer,Regular,Indore,Madhya Pradesh,Furniture,1,15.88,MC-BOM,West,11-Nov-2025,13-11-2025,Express,Prepaid,11/17/2025,,RTO - Return to Origin,3,₹426.46,245.77,38136.70,RTO - Max Attempts Exhausted
ORD-100053,19-06-2025,Delivered,Marketplace,CUS22758, ,Regular,Hyderabad,Telangana,Personal Care,5,0.81,MC-BLR,South,06/19/2025,19-06-2025,Standard,Prepaid,22-06-2025,,Delivered,1,112.97,31,3738.15,
ORD-100106,2025-06-01,Delivered,Mobile App,CUS20552,Kavya Mehta,Regular,Noida,Uttar Pradesh,Furniture,1,37.8,MC-DEL,North,2025-06-02 00:00:00,03-06-2025,Express,COD,06/05/2025,2025-06-07,DELIVERED-LATE,2,658,81,30717,
100610,11/07/2025,Failed Delivery,Mobile App,CUS25554,  Anika Naidu  ,Regular,Calcutta,West Bengal,Electronics,1,1.47,MC-KOL,East,2025-07-13,2025-07-16 00:00:00,Standard,COD,2025-07-20 00:00:00,,RTO - Return to Origin,NULL,123.47,252.33,41294.39,RTO - Customer Refused Delivery
ORD-100167,25-05-2025,Delivered,Marketplace,CUS23561,Neha Iyer,Business,Bhopal,Madhya Pradesh,Electronics,1,3.36,mc-del,North,2025-05-26,26/05/2025,Express,Prepaid,30-May-2025,30-May-2025,Delivered,2,286.37,Rs. 83,26926.34,
ORD-100245,14/09/2025,Delivered,Retail Store,CUS15670,SAI VERMA,Regular,Bhopal,N/A,Furniture,1,13.59 kg,Mc-Del,North,2025-09-14,14-09-2025,Standard,Prepaid,09/20/2025,2025-09-19 00:00:00,Delivered,1,₹311.98,37.12,32355.69,
ORD-100520,11/06/2025,Delivered,Mobile App,CUS27295,  Ayaan Shah  ,Regular,Hyderabad,Telangana,Personal Care,1,0.47,MC-BLR,South,11-06-2025,11-06-2025,Standard,COD,14-06-2025,2025-06-16,Delivered - Late,2,111.25,Rs. 87,Rs. 944,
ORD-100269,16-10-2025,Delivered,Mobile App,CUS12505,Aadhya Verma,Loyalty,Chandigarh,Punjab,Home & Kitchen,1,2.27,MC-HYD,South,2025-10-17,2025-10-23 00:00:00,Economy,COD,2025-10-30,02-11-2025,Delivered - Late,2,166.79,NA,11039.95,
ORD-100349,19-07-2025,Delivered,Website,CUS22005,Sanjay Naidu,Loyalty,Kochi,Kerala,Apparel,1,0.18,MC-BLR,South,20-Jul-2025,22 July 2025,Express,COD,24-07-2025,07/24/2025,Completed,1,190.21,43,4183.49,
ORD-100181,10/29/2025,Delivered,Website,CUS36039,Sanjay Nair,Loyalty,Guwahati,Assam,Personal Care,3,0.35,MC-KOL,East,31-10-2025,01/11/2025,Express,Prepaid,2025-11-03 00:00:00,03/11/2025,Delivered,1,₹186.92,85.02,Rs. 1588,
ORD-100136,08/09/2025,Delivered,Website,CUS37500,Kiara Bose,Regular,Gurugram,Haryana,Electronics,1,3.8,MC-DEL,North,09-08-2025,08/10/2025,Economy,COD,15-08-2025,2025-08-15 00:00:00,Delivered ,2,119.91,78.16,"19,922.12",
ORD-100683,2025-04-15,Delivered,Marketplace,CUS46209,MEERA AGARWAL,Regular,Bengaluru,Karnataka,Electronics,1,3.4,MC-BLR,South,15-Apr-2025,04/16/2025,Standard,Prepaid,2025-04-19,19-Apr-2025,Delivered,1,139.56,₹30.90,"₹22,735.98",
ORD-100727,03-10-2025,Delivered,Marketplace,CUS13668,Reyansh Gupta,Regular,Hyderabad,Telangana,Electronics,1,1.91,MC-HYD,South,06-10-2025,10/07/2025,Standard,Prepaid,10/10/2025,10/10/2025,Delivered,1,116.01,61.06,43997.37,
ORD-100539,07/30/2025,DELIVERED,Website,CUS19603,Swati Joshi,Regular,Bhopal,Madhya Pradesh,Personal Care,2,0.14,MC-BOM,West,01 August 2025,2025-08-02,Economy,COD,10-08-2025,2025-08-12,DELIVERED-LATE,3,₹142.22,₹131.09,4329,
ORD-100693,12-10-2025,Delivered,Marketplace,CUS28451,Suresh Kumar,Regular,Ahmedabad,Gujarat,Apparel,3,0.67,MC-BOM,West,10/14/2025,10/15/2025,Express,Prepaid,2025-10-17,17-10-2025,Delivered,2,179.34,103.12,8307,
ORD-100377,20-09-2025,Delivered,Marketplace,CUS14107,Sanjay Bose,Loyalty,Ahmedabad  ,Gujarat,Home & Kitchen,1,2.38,MC-BOM,West,2025-09-21,2025-09-22,Standard,COD,25-Sep-2025,2025-09-25,delivered,2,147.73,₹78.29,5555,
ORD-100809,2025-11-13,Delivered,Mobile App,CUS47055,Kavya Verma,Loyalty,Chandigarh,Punjab,Personal Care,1 pcs,0.57,MC-DEL,North,14-Nov-2025,11/17/2025,Express,Prepaid,11/19/2025,19-11-2025,delivered,1,196.32,Rs. 52,925.46,
ORD-100331,28-11-2025,Delivered,Marketplace,CUS47974,Nikhil Naidu,Regular,Jaipur,Rajasthan,Apparel,4,0.25,MC-DEL,North,30-Nov-2025,12/01/2025,Standard,Prepaid,12/04/2025,06-Dec-2025,Delivered(Late),1,86,56.55,13161.92,
ORD-100467,30-10-2025,Delivered,Website,CUS18742,Shreya Patel,Regular,Chennai,Tamil Nadu,Personal Care,4,0.16,MC-HYD,South,2025-10-30,2025-11-03,ECONOMY,Prepaid,08-Nov-2025,2025-11-15,Delivered - Late,1,₹50.23,62.16,7567.56,
ORD-100019,06/13/2025,Delivered,Mobile App,NA,Anjali Mehta,Regular,Gurugram,Haryana,Personal Care,1,0.49,MC-DEL,North,06/13/2025,14-Jun-2025,Economy,Prepaid,2025-06-19,2025-06-18,Delivered,1,₹60.59,43.60,498,
ORD-100077,26 December 2025,delivered,Marketplace,CUS13944,Suresh Rao,Business,Kolkata,West Bengal,Electronics,1,2.45,Mc-Kol,East,26-12-2025,2025-12-28 00:00:00,Economy,Prepaid,03/01/2026,03-01-2026,Delivered,1,85.60,57.20, ,
ORD-100214,08 March 2025,Delivered,Website,CUS21111,Aadhya Sharma,Regular,Noida,Uttar Pradesh,Personal Care,3,0.43,MC-DEL,North,2025-03-09,2025-03-09,Express,Prepaid,2025-03-11,11-Mar-2025,delivered,1,189,Rs. 42,1157.70,
ORD-100226,27-11-2025,Delivered,Mobile App,CUS17773,Divya Pillai,Regular,Ahmedabad,Gujarat,Home & Kitchen,1,4.32,MC-BOM,West,01-12-2025,02 December 2025,Standard,Prepaid,12/05/2025,04-12-2025,Completed,2,145.34,104.71,"₹5,145.62",
ORD-100240,11/02/2025,Delivered,Website,CUS26266,Sai Menon,Business,Bhubaneswar,Odisha,Furniture,1,15.96,MC-KOL,East,04 November 2025,2025-11-06 00:00:00,Express,Prepaid,08-11-2025,15-11-2025,Delivered - Late,2,366.52,131.11,53174.87,
ORD-100236,2025-11-10,Delivered,Website,CUS12416,Ananya Verma,Loyalty,Bangalore,Karnataka,Home & Kitchen,1,1.3,MC-BLR,South,2025-11-11,NULL,Express,Prepaid,14-11-2025,14/11/2025,Delivered ,1,186.54,55.25,"₹7,120.00",
ORD-100138,2025-09-28,delivered,Website,cus19660,Deepak Iyer,Regular,Nashik,Maharashtra,Apparel,4,0.74,MC-BOM,West,28-09-2025,28-Sep-2025,Express,Prepaid,30-09-2025,04-10-2025,delivered - late,1,194,39.25,"₹16,116.64",
,26/11/2025,Returned,Mobile App,CUS27751,Suresh Menon,Loyalty,Chennai,Tamil Nadu,Electronics,1,4.33,MC-HYD,South,28-11-2025,11/29/2025,Standard,Prepaid,02-12-2025,12/02/2025,Returned by Customer,1,136.17,50.99,27350.69,Wrong Item Delivered
100096,27-04-2025,Delivered,Marketplace,CUS15881,Pooja Patel,Regular,Kochi,Kerala,Personal Care,1,0.5, MC-BLR,South,27-04-2025,2025-04-27,Exp,Prepaid,2025-04-29,29-Apr-2025,Delivered,,₹177.24,Rs. 41,"₹1,222.31",
ORD-100237,03/03/2025,Delivered,Marketplace,CUS33925,Ramesh Iyer,Business,Delhi,Delhi,Electronics,1,2.67 kg,MC-DEL,North,03-03-2025,04-03-2025,Express,Prepaid,2025-03-06,06-03-2025,Delivered ,1,219.30,₹36.33,27107.63,
ORD-100740,02-Jul-2025,Delivered,Marketplace,CUS11545,  Shreya Singh  ,Regular,Chennai,Tamil Nadu,Electronics,1,0.45,mc-blr,South,02-Jul-2025,02-Jul-2025,economy,Prepaid,07/07/2025,07-07-2025,Delivered,1,62.43,30.05,29732.46,
ORD-100655,2025-11-30,Delivered,Website,CUS23876,  Sanjay Mehta  ,Regular,Bhopal,Madhya Pradesh,Electronics,1,3.41,MC-DEL,North,2025-12-02,03/12/2025,Standard,Prepaid,09-12-2025,12/15/2025,Delivered(Late),1,191.28,58.37,23358.10,
ORD-100067,09-07-2025,Delivered,Marketplace,CUS28170,  Suresh Gupta  ,Loyalty,Surat,Gujarat,Apparel,1,NA,MC-BOM,West,07/09/2025,09-07-2025,Economy,COD,2025-07-14,2025-07-17 00:00:00,Delivered - Late,2,101.05,85.78,815.04,
ORD-100039,2025-09-16 00:00:00,Failed Delivery,Marketplace,CUS20494,Divya Mehta,Regular,Chennai,Tamil Nadu,Electronics,1 pcs,4.27,MC-BLR,South,17-09-2025,19-09-2025,Standard,Prepaid,22-09-2025,,RTO - Return to Origin,4,155,261.81,"₹31,438.67",RTO - Address Not Found
ORD-100081,03 August 2025,Delivered,Mobile App,CUS25760,Sneha Chatterjee,Business,mumbai,maharashtra,Electronics,1,3.06,MC-BOM,West,03-08-2025,08/03/2025,Economy,Prepaid,2025-08-08,08-08-2025,Delivered,1,Rs. 92,33.14,24228.18,
ORD-100629,2025-09-25,Returned,Mobile App,CUS15058,  Aditya Das  ,Regular,Jaipur,NA,Apparel,2,0.67,MC-DEL,North,25-09-2025,09/26/2025,Express,Prepaid,28-Sep-2025,28-09-2025,Returned by Customer,1,202.88,₹33.43,"₹2,072.48",Wrong Item Delivered
ORD-100357,25-Jul-2025,Delivered,Mobile App,CUS45721,Ishaan Chatterjee,Regular,Gurugram  ,Haryana,Electronics,1,0.75 kg,MC-DEL,North,25-07-2025,26-07-2025,Express,COD,2025-07-28,07/28/2025,Delivered,2,Rs. 206,79,36673,
ORD-100720,2026-01-05,Delivered,Retail Store,CUS49824,Swati Pillai,Regular,Noida,U.P.,Personal Care,1 pcs,0.29,MC-DEL,North,06-01-2026,07-Jan-2026,Standard,COD,2026-01-10,2026-01-10,Delivered,2,107.00,82,2047.50,
ORD-100123,2025-05-03,delivered,Website,CUS17236,Swati Patel,Regular,Calcutta,West Bengal,Furniture,1,6.57,MC-KOL,East,06-May-2025,07-May-2025,standard,Prepaid,11-05-2025,2025-05-11 00:00:00,Delivered,1,181.83,NA,"45,769.22",
ORD-100593,06-Jul-2025,Delivered,Mobile App,CUS42264,Navya Nair,Regular,Chennai,Tamilnadu,Personal Care,1,0.88,MC-BLR,South,2025-07-08,09-07-2025,Standard,COD,12/07/2025,12-07-2025,Delivered,2,127.75,79.53,"₹1,257.25",
ORD-100102,08/11/2025,Cancelled,Marketplace,46676,Nikhil Gupta,Loyalty,Nashik,Maharashtra,Electronics,1,3.67,MC-BOM,West,08/12/2025,12-Aug-2025,Standard,COD,15-08-2025,,Canceled,0,161,-5.99,12558,
ORD-100382,2025-08-19,FAILED,Mobile App,CUS21086,Neha Reddy,Regular,Bengaluru,N/A,Apparel,4,0.65,MC-BLR,South,19/08/2025,19-Aug-2025,Express,-,21/08/2025,,RTO - Return to Origin,3,200,222.86,"16,484.20",RTO - Max Attempts Exhausted
ORD-100449,24-05-2025,DELIVERED,NULL,CUS33908,Ananya Naidu,Regular,Nagpur,Maharashtra,Electronics,1,3.18 kg,MC-BOM,West,05/26/2025,05/27/2025,Express,Prepaid,31-05-2025,30-05-2025,Delivered,1,₹276.42,Rs. 40,35175,
ORD-100441,2025-07-05 00:00:00,Delivered,Mobile App,CUS36934,Ayaan Naidu,Regular,Kolkata,W. Bengal,Apparel,1,0.11,MC-KOL,East,2025-07-07,07-07-2025,Std,COD,2025-07-11 00:00:00,10 July 2025,Delivered,1,113,Rs. 55,1687,
ORD-100576,10 June 2025,DELIVERED,Website,CUS47993,Navya Kumar,Regular,mumbai,Maharastra,Personal Care,1,1.07,MC-BOM,West,10-06-2025,11-Jun-2025,Standard,Prepaid,2025-06-14,2025-06-14,Delivered,1,95.79,33.97,Rs. 1277,
ORD-100197,07/11/2025,Delivered,Mobile App,CUS40346,Navya Joshi,Business,Bhubaneswar  ,Odisha,Electronics,1,0.82,mc-kol,East,10-11-2025,10-11-2025,Economy,Prepaid,16-11-2025,2025-11-18,Delivered - Late,1,Rs. 62,87.29,"₹9,931.42",
ORD-100519,2025-08-19,Delivered,Mobile App,CUS32590,  Divya Iyer  ,Loyalty,Mumbai,Maharashtra,Home & Kitchen,1,6.66,MC-DEL,North,2025-08-19,21-08-2025,Economy,Prepaid,08/28/2025,01-09-2025,Delivered - Late,1,192.76,40.89,"6,123.68",
ORD-100301,29-04-2025,Delivered,Marketplace,CUS33806,Rohan Menon,Loyalty,Gurugram,Haryana,Home & Kitchen,1,4.92,MC-DEL,North,2025-04-30,2025-05-02,Express,Prepaid,04-May-2025,2025-05-04 00:00:00,Delivered,1,Rs. 253,41.95,6094.82,
ORD-100749,09-06-2025,Delivered,Marketplace,CUS46867,Aadhya Gupta,Regular,Bengaluru,Karnataka,Home & Kitchen,1,5.61,MC-BLR,South,10-Jun-2025,11-06-2025,standard,Prepaid,14/06/2025,06/14/2025,delivered,1,₹166.74,NULL,10183.50,
ORD-100492,11/03/2025,Cancelled,Website,CUS44018,Sai Sharma,Loyalty,Raipur,Chhattisgarh,Home & Kitchen,1,0.86,MC-BOM,West,05-11-2025,2025-11-07 00:00:00,Express,Prepaid,11-11-2025,,Cancelled,0,253.98,Rs. 18,"11,171.02",
ORD-100157,27-08-2025,Failed Delivery,Marketplace,CUS19174,Karthik Agarwal,Loyalty,Bhubaneswar,Odisha,Home & Kitchen,1,2.76,MC-KOL,East,30 August 2025,30-08-2025,Standard,COD,2025-09-03,,RTO,0,132.41,244.67,2465,RTO - Customer Refused Delivery
ORD-100287,2025-08-13,Delivered,Mobile App,CUS13365,Sanjay Naidu,Loyalty,Lucknow,Uttar Pradesh,Electronics,1 pcs,4.68,mc-del,North,11-08-2025,2025-08-14 00:00:00,Std,Prepaid,17-08-2025,2025-08-20,Delivered - Late,1,145.19,Rs. 34,Rs. 36026,
ORD-100262,2025-10-01,Delivered,Mobile App,CUS24100,Priya Das,Loyalty,Surat,Gujarat,Electronics,1,2.53,MC-BOM,West,10/02/2025,2025-10-03,Standard,Prepaid,2025-10-06 00:00:00,2025-10-06,Delivered,1,122.94,62.45,12939.84,
ORD-100399,13-Aug-2025,Delivered,Mobile App,CUS12749,Aadhya Patel,Regular,Indore,Madhya Pradesh,Personal Care,4,1.05,MC-BOM,West,14 August 2025,17/08/2025,EXPRESS,Prepaid,08/21/2025,20-08-2025,delivered,1,251.60,44,"2,720.84",
ORD-100451,03-05-2025,Delivered,Marketplace,CUS47758,Pooja Joshi,Regular,Mumbai,Maharashtra,Apparel,1 pcs,0.61,MC-BOM,West,2025-05-03 00:00:00,2025-05-03,Express,Prepaid,05-05-2025,2025-05-05,DELIVERED,1,₹178.41,34,1792.60,
ORD-100645,2025-10-01,Delivered,Retail Store,CUS27708,Navya Rao,Regular,Chennai,-,Personal Care,5,0.92,mc-blr,South,01-10-2025,03/10/2025,Standard,Prepaid,06-10-2025,2025-10-05,Delivered,2,98,99.34,3853.05,
ORD-100360,29-Sep-2025,Delivered,Website,CUS30409,Ishaan Iyer,Regular,Jaipur,Rajasthan,Personal Care,1,0.14,MC-DEL,North,2025-10-02 00:00:00,02-10-2025,economy,Prepaid,,11-10-2025,Delivered - Late,1,₹60.64,30.05,814.17,
ORD-100264,10/13/2025,delivered,-,CUS47942,Aadhya Singh,Regular,Indore  ,Madhya Pradesh,Personal Care,2,1.14,MC-DEL,North,16-10-2025,2025-10-17,Standard,COD,23-10-2025,27-Oct-2025,Delivered - Late,3,Rs. 188,Rs. 141,800,
ORD-100585,27-09-2025,Delivered,Mobile App,CUS30248,Swati Verma,Loyalty,Nagpur,MH,Electronics,1,3.64,MC-DEL,North,2025-09-28 00:00:00,28/09/2025,Express,Prepaid,02 October 2025,10/06/2025,Delivered - Late,1,277.95,₹41.84,33582.00,
ORD-100126,09-07-2025,delivered,Mobile App,CUS11644,Aditya Gupta,Regular,Nagpur  ,Maharashtra,Home & Kitchen,1,6.52,MC-DEL,North,2025-07-09,10-07-2025,Express,Prepaid,2025-07-14,13 July 2025,Delivered ,1,₹318.52,34,N/A,
ORD-100661,2025-10-08,DELIVERED,Website,CUS10422,Shreya Pillai,Loyalty,Coimbatore  ,Tamil Nadu,Electronics,1 pcs,2.76,MC-BLR,South,2025-10-09,10/10/2025,Express,COD,12-10-2025,2025-10-12 00:00:00,Delivered,1,227.49,54.52,11382.17,
ORD-100488,2025-10-18,Delivered,Website,CUS13902,Krishna Mehta,Loyalty,Pune,Maharashtra,Personal Care,1,0.53,MC-BOM,West,2025-10-21 00:00:00,22-10-2025,Express,Prepaid,24-10-2025,2025-10-25,Delivered - Late,2,190.10,102.25,"₹1,956.29",
100502,2026-01-09,Delivered,Website,CUS36639,Kiara Pillai,Regular,Bengaluru  ,Karnataka,Apparel,1,0.12,mc-blr,South,01/09/2026,2026-01-09 00:00:00,Express,Prepaid,2026-01-11,2026-01-11,Delivered,1,194.64,43.41,₹994.39,
100415,2025-11-08,Delivered,Mobile App,CUS45385,Vihaan Verma,Business,Pune  ,Maharashtra,Apparel,2,0.21,MC-BOM,West,10/11/2025,2025-11-13,Exp,Prepaid,2025-11-15,11/15/2025,Delivered,1,182,60.26,"7,277.48",
ORD-100579,21 October 2025,Delivered,Website,CUS10362,Reyansh Naidu,Business,Bengaluru,Karnataka,Electronics,1,0.43,MC-BLR,South,25-10-2025,10/31/2025,Express,Prepaid,02-11-2025,02 November 2025,Delivered ,1,₹200.12,63,39486.16,
ORD-100014,2025-12-08,Cancelled,Marketplace,CUS15025,Deepak Naidu,Regular,Bengaluru,Karnataka,Furniture,1,8.84,MC-BLR,South,2025-12-10,10-12-2025,Standard,Prepaid,2025-12-13,11-12-2025,Cancelled,0,205.60,15800.00,38160,
ORD-100319,07/06/2025,Delivered,Marketplace,CUS46233,Diya Gupta,Regular,Bengaluru,Karnataka,Apparel,3,1.13,MC-HYD,South,08-07-2025,2025-07-09,Standard,COD,12-07-2025,15/07/2025,Delivered - Late,1,121.17,33.76,10441,
ORD-100282,2025-05-24 00:00:00,CANCELLED,Website,CUS44010,Arun Patel,Loyalty,Lucknow,Uttar Pradesh,Home & Kitchen,1,2.92,MC-BOM,West,26-05-2025,05/29/2025,Express,Prepaid,2025-06-02 00:00:00,,Cancelled,0,274.01,Rs. -1,8373,
ORD-100292,2025-06-29,Delivered,Retail Store,-,Diya Gupta,Loyalty,Mumbai,Maharashtra,Home & Kitchen,1,4.01,MC-BOM,West,2025-06-29,30-06-2025,EXPRESS,Prepaid,07/02/2025,2025-07-02 00:00:00,Delivered,1,Rs. 237,31.59,1636.91,
ORD-100804,2026-01-19,Delivered,Marketplace,CUS33443,Arjun Patel,Regular,MUMBAI,Maharashtra,Apparel,1,1.14,MC-BOM,West,2026-01-18,19-01-2026,Economy,Prepaid,24-01-2026,2026-01-24 00:00:00,Delivered,1,73.97,44,Rs. 1995,
ORD-100801,09-Aug-2025,Delivered,Mobile App,CUS27474,Meera Gupta,Regular,Coimbatore,Tamilnadu,Personal Care,2,0.84,MC-BLR,South,08/09/2025,11-08-2025,Express,Prepaid,13-Aug-2025,18-08-2025,Delivered - Late,1,NA,44.07,3675.00,
ORD-100227,07-04-2025,Delivered,Website,CUS36600,Rohan Pillai,Business,Bhopal,Madhya Pradesh,Electronics,1,0.91,MC-DEL,North,-,09-04-2025,Express,Prepaid,04/13/2025,2025-04-13,Delivered,1,Rs. 242,38.71,"₹19,603.93",
ORD-100567,2025-11-10,DELIVERED,Mobile App,CUS42570,Sanjay Naidu,Regular,Lucknow,Uttar Pradesh,Electronics,1 pcs,3.84,MC-DEL,North,14/11/2025,2025-11-15,Standard,Prepaid,2025-11-18 00:00:00,2025-11-18,Delivered,1,138,₹62.48,19952,
ORD-100246,2025-11-01,Delivered,Website,CUS37741,Suresh Iyer,Loyalty,Pune,Maharashtra,Home & Kitchen,1,8.03,MC-BOM,West,03-11-2025,2025-11-07,EXPRESS,COD,2025-11-09,09-Nov-2025,Completed,2,303.54,109.36,"9,927.14",
ORD-100346,07/03/2025,Failed Delivery,Mobile App,CUS48812, ,Business,Mumbai,Maharashtra,Electronics,1,3.0,MC-BOM ,West,04-Jul-2025,04-Jul-2025,Standard,Prepaid,2025-07-07 00:00:00,,Return to Origin,3,₹128.58,225.65,25566.96,RTO - Customer Non-Contactable
ORD-100598,04-06-2025,delivered,Marketplace,CUS31668,Ira Gupta,Regular,Chennai,Tamil Nadu,Apparel,1,0.67,MC-HYD,South,2025-06-06,06 June 2025,Economy,Prepaid,2025-06-11,06/11/2025,Delivered,1,70.86,₹42.00,Rs. 4214,
,03-Jun-2025,Delivered,Website,CUS48376,Arun Rao,Business,Raipur,Chhattisgarh,Furniture,2,,Mc-Bom,West,05-06-2025,2025-06-07 00:00:00,Express,Prepaid,2025-06-11 00:00:00,06/11/2025,Delivered ,1,696,34.69,"₹14,805.26",
ORD-100743,2025-08-27 00:00:00,Delivered,Marketplace,CUS33122,Kavya Shah,Regular,Kolkata,West Bengal,Home & Kitchen,1,2.64,MC-KOL,East,28-Aug-2025,28-08-2025,Express,-,08/30/2025,08/29/2025,DELIVERED,1,₹224.71,₹67.60,3482.99,
ORD-100131,28-06-2025,Delivered,Marketplace,CUS25406,Vikram Naidu,Loyalty,Bengaluru,Karnataka,Apparel,1,0.62, MC-BLR,South,NULL,2025-06-30,Express,COD,02-Jul-2025,2025-07-02,delivered,N/A,207.16,87.00,Rs. 2600,
ORD-100064,2025-05-12,Delivered,Mobile App,CUS12144,Kavya Pillai,Regular,MUMBAI,Maharastra,Home & Kitchen,1,4.76,MC-BOM ,West,2025-05-14,2025-05-14,Express,Prepaid,16 May 2025,2025-05-16,Delivered,1,227.48,31.97,"4,779.31",
100233,12-07-2025,Delivered,Marketplace,CUS31336,Meera Gupta,Loyalty,Gurugram,Haryana,Electronics,1,2.98,MC-DEL,North,2025-07-14,14/07/2025,Express,COD,16-07-2025,2025-07-16,Delivered,1,241.51,Rs. 39,"14,682.71",
ORD-100427,28/08/2025,Delivered,Website,CUS22663,Nikhil Shah,Loyalty,Kolkata,W. Bengal,Apparel,2,1.25,MC-KOL,East,08/30/2025,N/A,Exp,Prepaid,01-Sep-2025,2025-09-01 00:00:00,Delivered,1,208.55,₹63.62,"₹5,478.56",
ORD-100206,06-09-2025,Delivered,Website,CUS26833,Kiara Joshi,Loyalty,Kochi,Kerala,Electronics,1,1.49,MC-BLR,South,2025-09-07,2025-09-08,Express,Prepaid,2025-09-10 00:00:00,10 September 2025,delivered,1,191,41.28,Rs. 31650,
ORD-100458,14-10-2025,delivered,Mobile App,CUS42201,Neha Chatterjee,Regular,Hyderabad,Telangana,Electronics,1 pcs,0.75,MC-HYD,South,16-Oct-2025,10/17/2025,Standard,Prepaid,2025-10-20,25/10/2025,Delivered - Late,1,107.40,53.03,Rs. 33388,
ORD-100031,2025-10-20,Delivered,Mobile App,CUS36827,Nikhil Sharma,Regular,Chennai,TN,Electronics,1,2.19,MC-BLR,South,2025-10-22,10/23/2025,Express,Prepaid,2025-10-25,10/25/2025,Delivered,1,Rs. 197,62.50,41596,
ORD-100394,12-08-2025,delivered,Marketplace,CUS21873,-,Regular,Lucknow,Uttar Pradesh,Personal Care,5,0.94,MC-DEL,North,2025-08-12 00:00:00,14-08-2025,Standard,Prepaid,17-08-2025,08/16/2025,Delivered,1,116,43.35,6547.30,
100289,25-06-2025,Delivered,Mobile App,CUS22853,Aditya Menon,Regular,Bhopal,Madhya Pradesh,Apparel,1,0.17,mc-del,North,25-06-2025,26-06-2025,Express,Prepaid,30-06-2025,03-Jul-2025,delivered - late,1,241.10,39.50,2205.03,
ORD-100212,2025-08-31,Delivered,Marketplace,CUS13017,Diya Naidu,Regular,Bengaluru,Karnataka,Apparel,1,0.6 kg,MC-BLR,South,02-09-2025,09/04/2025,Standard,Prepaid,09/07/2025,2025-09-07,Delivered,2,92.74,81,"₹2,981.25",
ORD-100791,22 October 2025,Delivered,Marketplace,CUS30249,Reyansh Naidu,Regular,Chennai,Tamil Nadu,Apparel,1,0.19 kg,MC-BLR,South,22-Oct-2025,10/24/2025,Standard,NA,2025-10-27,23-10-2025,Delivered(Late),3,106.32,₹152.94,1882.15,
ORD-100443,2025-10-24,Delivered,Mobile App,CUS22986,  Vivaan Agarwal  ,Regular,Kolkata,West Bengal,Personal Care,1,1.01 kg,MC-KOL,East,28-Oct-2025,30/10/2025,Express,Prepaid,01/11/2025,2025-11-01 00:00:00,Delivered,1,193.93,88.06,1675,
ORD-100086,12-Nov-2025,Delivered,Marketplace,CUS48095,Krishna Naidu,Regular,Kochi,Kerala,Home & Kitchen,1,5.18,MC-HYD ,South,2025-11-12 00:00:00,2025-11-14,Economy,COD,19/11/2025,2025-11-19,Delivered,1,143.46,57,9161.05,
ORD-100505,17-07-2025,Delivered,Marketplace,CUS17977,Myra Bose,Regular,Indore,Madhya Pradesh,Personal Care,3,0.71,MC-BOM,West,2025-07-17,21-07-2025,Standard,Prepaid,27-Jul-2025,27-07-2025,Delivered,2,161.20,87.26,"3,634.11",
ORD-100232,23-09-2025,Delivered,Mobile App,CUS25060,Pooja Chatterjee,Regular,Bengaluru,Karnataka,Personal Care,4,0.89,MC-BLR,South,23-Sep-2025,09/24/2025,standard,Prepaid,27-09-2025,2025-09-26,Delivered,1,112,43.18,3236.48,
ORD-100692,2025-11-19,Delivered,Website,CUS45781,  Ishaan Kumar  ,Loyalty,Surat,Gujarat,Electronics,1,4.85,MC-BOM,West,20-11-2025,23/11/2025,Express,COD,25/11/2025,2025-11-27,Delivered - Late,2,263.97,106.65,"39,459.44",
ORD-100684,2025-07-26 00:00:00,Delivered,Mobile App,CUS14707,Riya Sharma,Regular,Ahmedabad,Gujarat,Personal Care,1,0.86,mc-bom,West,26-07-2025,2025-07-27,Economy,Prepaid,01 August 2025,03-08-2025,Delivered - Late,1,57.64,38.28,347.35,
ORD-100541,08/07/2025,Delivered,Website,CUS45882,Manoj Das,Regular,Mumbai,Maharashtra,Home & Kitchen,1,3.92,MC-BOM,West,2025-08-07,08-08-2025,Standard,Prepaid,2025-08-11,11/08/2025,Delivered,1,127.93,43.48,"₹8,582.34",
ORD-100555,2025-11-10,Delivered,Mobile App,CUS21951,Kavya Das,Regular,Pune,Maharashtra,Furniture,1,21.27,MC-BOM,West,12-Nov-2025,13-Nov-2025,Express,COD,15-11-2025,19-11-2025,Delivered - Late,1,462.29,54.73,Rs. 11856,
ORD-100455,08/05/2025,Delivered,Marketplace,CUS30202,NA,Regular,Coimbatore,Tamilnadu,Furniture,1 pcs,12.57, MC-BLR,South,05/08/2025,2025-08-07,Express,Prepaid,08/09/2025,2025-08-08,delivered,N/A,334,41.19,"₹29,120.41",
ORD-100254,20/07/2025,Delivered,Website,CUS22610,Meera Patel,Loyalty,Pune,Maharashtra,Electronics,1 pcs,2.23,MC-BOM,West,2025-07-22,22-07-2025,Express,COD,2025-07-24,2025-07-24,Delivered,2,214,89.28,6074,
ORD-100438,08-01-2026,Delivered,Mobile App,CUS30258,Diya Rao,Regular,Hyderabad,Telangana,Electronics,1,4.56,MC-BLR,South,2026-01-09,11-Jan-2026,Standard,Prepaid,14 January 2026,01/16/2026,Delivered - Late,1,143.87,N/A,27416.27,
ORD-100187,18-Aug-2025,Delivered,Marketplace,CUS41181,Aarav Chatterjee,Regular,Bengaluru,karnataka ,Furniture,3,11.91,MC-BLR,South,19-08-2025,20 August 2025,Economy,COD,25-08-2025,28-08-2025,Delivered - Late,3,219.42,129.32,165359.61,
ORD-100701,2025-07-11,Delivered,Website,CUS17845,Aditya Singh,Regular,Jaipur,Rajasthan,Apparel,1,0.32,mc-bom,West,12-Jul-2025,2025-07-14,EXPRESS,Prepaid,2025-07-18,18 July 2025,Delivered,1,235.77,34,2772,
100686,25 September 2025,DELIVERED,Mobile App,CUS39905,Aarav Joshi,Loyalty,Jaipur,Rajasthan,Furniture,1,17.83,MC-DEL,North,25-09-2025,25-09-2025,EXPRESS,Prepaid,27/09/2025,2025-09-27,Delivered,1,408.48,₹34.88,"28,245.64",
ORD-100040,2025-12-10 00:00:00,Failed Delivery,Mobile App,CUS38882,Ayaan Chatterjee,Regular,Mumbai,maharashtra,Personal Care,2,0.68,MC-KOL,East,NA,2025-12-20,Standard,COD,12/25/2025,,Return to Origin,0,174.78,NA,₹753.52,RTO - Customer Non-Contactable
ORD-100621,2025-11-02,delivered,Marketplace,CUS26984,Sneha Chatterjee,Loyalty,Mumbai,Maharashtra,Apparel,1,0.7,MC-BOM,West,05-Nov-2025,2025-11-06,Standard,Prepaid,09-11-2025,14-Nov-2025,Delivered - Late,1,92.72,60.71,3604,
ORD-100293,25-Oct-2025,Delivered,Mobile App,CUS10537,Ayaan Gupta,Regular,Ahmedabad,Gujarat,Home & Kitchen,1,5.31,MC-BOM,West,2025-10-27 00:00:00,28-Oct-2025,Standard,Prepaid,31-10-2025,,Delivered,2,146.97,Rs. 95,5883.63,
ORD-100201,2025-05-19,Delivered,Website,CUS25288,Shreya Chatterjee,Regular,MUMBAI,MH,Apparel,1,0.26,MC-BOM,West,19-May-2025,2025-05-19,Standard,Prepaid,22-05-2025,22-May-2025,Delivered,1,92,39.55,2853,
ORD-100790,2025-05-23 00:00:00,Failed Delivery,Mobile App,CUS35129,Ananya Pillai,Regular,Bengaluru,Karnataka,Apparel,1,1.45,MC-BLR,South,25-May-2025,26-05-2025,Express,Prepaid,28 May 2025,,RTO - Return to Origin,0,201,₹260.63,1319.01,RTO - Customer Non-Contactable
ORD-100580,26-11-2025,Delivered,Website,cus45223,Sanjay Bose,Regular,Pune,Maharashtra,Home & Kitchen,1 pcs,3.01,MC-BOM,West,28-11-2025,11/30/2025,Standard,COD,03-12-2025,05 December 2025,Delivered - Late,3,Rs. 154,146.69,2203,
ORD-100560,25-Nov-2025,Delivered,Website,CUS20070,Anjali Joshi,Business,Coimbatore,Tamil Nadu,Apparel,3,0.77,mc-blr,South,27 November 2025,30-11-2025,Express,Prepaid,12/02/2025,2025-11-29,Delivered,1, ,63.21,"11,651.07",
ORD-100401,2025-11-26,Cancelled,Retail Store,CUS46756,Arjun Pillai,Regular,Mumbai,Maharashtra,Electronics,1,0.29,MC-BOM,West,29-11-2025,02-12-2025,Standard,Prepaid,2025-12-05,,Cancelled,0,₹92.81,-,2207,
ORD-100143,21 October 2025,Delivered,Website,CUS40237,Ayaan Pillai,Loyalty,Mumbai,Maharashtra,Furniture,1,21.54,MC-HYD,South,23-Oct-2025,2025-10-23,Express,-,2025-10-27,10/30/2025,Delivered - Late,1,521.59,Rs. 55,16735.93,
ORD-100428,18/07/2025,DELIVERED,Mobile App,CUS22270,Anjali Iyer,Loyalty,Kolkata,W. Bengal,Apparel,1,1.02,MC-KOL,East,20-Jul-2025,2025-07-22 00:00:00,Standard,Prepaid,2025-07-26,27-Jul-2025,Delivered - Late,1,103,55.82,1965,
ORD-100317,2025-09-27,Delivered,Marketplace,CUS15142,Aadhya Das,Regular,Ahmedabad,Gujarat,Electronics,1,3.27,MC-BOM,West,2025-09-29 00:00:00,09/30/2025,Express,Prepaid,02-10-2025,2025-10-02,Delivered,1,229.75,42.92,"34,348.37",
ORD-100578,24-07-2025,Delivered,Marketplace,CUS40103,Aditya Joshi,Regular,Mumbai,Maharashtra,Apparel,1,0.46,MC-BOM,West,07/24/2025,27-07-2025,Standard,Prepaid,30-Jul-2025,30-07-2025,Delivered,1,105.22,₹34.91,1064.84,
ORD-100781,12/28/2025,Delivered,Website,CUS11759,Vivaan Menon,Loyalty,Coimbatore,Tamil Nadu,Apparel,1,1.27,MC-BLR,South,N/A,29/12/2025,Standard,Prepaid,01-Jan-2026,31-12-2025,Delivered,1,98.93,35.22,1348.24,
ORD-100708,28 October 2025,Delivered,Website,CUS49854,Myra Nair,Loyalty,Mumbai,Maharashtra,Home & Kitchen,1,8.81,MC-BOM,West,29-Oct-2025,10/31/2025,economy,Prepaid,05/11/2025,04-11-2025,Delivered,1,₹154.88,54.54,"10,780.02",
ORD-100475,21-Nov-2025,Delivered,Website,N/A,Kavya Singh,Regular,Mumbai,Maharashtra,Apparel,1 pcs,1.17,MC-BOM,West,21-Nov-2025,24-Nov-2025,STANDARD,Prepaid,11/27/2025,2025-11-30,DELIVERED-LATE,1,104.77,58.72,2331,
ORD-100060,26 August 2025,Delivered,Website,CUS21396,Riya Kumar,Regular,bengaluru ,Karnataka,Home & Kitchen,3,3.73,MC-BLR,South,2025-08-26,2025-08-28 00:00:00,Economy,Prepaid,2025-09-02,07-09-2025,Delivered - Late,1,93.86,35.56,"₹25,785.93",
ORD-100006,2025-07-08,Delivered,Marketplace,CUS11751, ,Business,Chennai,Tamil Nadu,Apparel,1,0.24,MC-BLR,South,08-Jul-2025,09-Jul-2025,Standard,Prepaid,07/12/2025,2025-07-12,Delivered,1,107.24,31.55,3834.90,
ORD-100460,2026-01-10 00:00:00,Returned,Website,CUS43989,Krishna Das,Loyalty,Kochi  ,Kerala,Home & Kitchen,1,4.35,MC-HYD,South,01/11/2026,13 January 2026,express,Prepaid,15-Jan-2026,01/14/2026,Returned by Customer,1,228.42,33.15,2408.67,Damaged in Transit
ORD-100558,18-09-2025,Returned,Website,CUS24934,  Saanvi Iyer  ,Regular,Bengaluru,Karnataka,Home & Kitchen,1,8.65,MC-BLR,South,19-09-2025,21-Sep-2025,Standard,Prepaid,2025-09-24,24/09/2025,Returned by Customer,1,Rs. 205,43.44,11707.95,Quality Issue
ORD-100290,2025-11-03,Delivered,Mobile App,CUS37954,Pooja Das,Regular,Coimbatore,Tamil Nadu,Apparel,1,1.07,MC-BLR,South,11/05/2025,2025-11-06,Express,Prepaid,08-11-2025,11-Nov-2025,Delivered(Late),1,184,57.91,2339.16,
ORD-100041,23-Aug-2025,Delivered,Mobile App,CUS42728,N/A,Regular,Ahmedabad,Gujarat,Electronics,1,,MC-BOM,West,23-08-2025,NA,Standard,Prepaid,27-Aug-2025,27/08/2025,Delivered,1,129.47,39.04,"15,085.98",
ORD-100190,02/01/2026,Delivered,Mobile App,CUS48822,Divya Iyer,Regular,MUMBAI,Maharashtra,Personal Care,1,0.36,MC-BOM,West,2026-01-02,03-01-2026,Express,Prepaid,05-01-2026,01/05/2026,Delivered,1,178.22,41,1481,
ORD-100729,12/18/2025,DELIVERED,Mobile App,CUS29947,Nikhil Reddy,Loyalty,Mumbai,Maharashtra,Apparel,1,0.75,MC-BOM,West,2025-12-18 00:00:00,19-12-2025,Express,Prepaid,21-12-2025,2025-12-23 00:00:00,Delivered - Late,1,₹185.29,51.44,"₹2,119.15",
ORD-100437,2025-09-16 00:00:00,Delivered,Mobile App,CUS14589,  Kavya Pillai  ,Loyalty,Kolkata,West Bengal,Furniture,1,28.23,MC-KOL,East,16-Sep-2025,17-Sep-2025,Express,Prepaid,19-Sep-2025,2025-09-19 00:00:00,Delivered,1,NULL,61,"₹59,431.35",
ORD-100335,18-10-2025,Failed Delivery,Mobile App,CUS19214,Ananya Sharma,Regular,Hyderabad  ,Telangana,Apparel,1,0.93 kg,MC-BLR,South,10/20/2025,10/24/2025,Exp,Prepaid,2025-10-26 00:00:00,,RTO-Return To Origin,2,188.93,190.03,₹778.44,RTO - Customer Non-Contactable
ORD-100605,2025-04-04 00:00:00,Delivered,Marketplace,CUS27344,Myra Mehta,Loyalty,Bhopal,Madhya Pradesh,Home & Kitchen,1,6.76,MC-BOM,West,2025-04-04,04-04-2025,Express,Prepaid,2025-04-08,2025-04-07,Delivered,1,335.73,40.74,"3,553.33",
ORD-100344,2025-08-28,Failed Delivery,Marketplace,CUS24497,Meera Das,Regular,Indore,Madhya Pradesh,Electronics,1,4.41,MC-DEL,North,28-08-2025,2025-08-29,Standard,Prepaid,04-09-2025,,Return to Origin,2,200.50,183,30344.58,RTO - Customer Non-Contactable
ORD-100065,02-04-2025,Delivered,Mobile App,CUS25742,Aarav Chatterjee,Regular,Gurugram,Haryana,Electronics,1,0.34,MC-DEL,North,02-Apr-2025,2025-04-02,Economy,Prepaid,04/07/2025,2025-04-07,Delivered,1,Rs. 71,44,"18,596.16",
ORD-100048,2025-04-24,Delivered,Marketplace,CUS45673,Sai Bose,Regular,Calcutta,West Bengal,Personal Care,1,0.86,MC-KOL,East,25 April 2025,2025-04-28 00:00:00,Standard,Prepaid,02-05-2025,2025-05-01,Delivered ,1,98,60.31,1915.31,
ORD-100119,30-Oct-2025,Delivered,Website,CUS42801,Deepak Bose,Regular,Gurugram  ,Haryana,Home & Kitchen,1,0.64,MC-DEL,North,31-10-2025,2025-11-02,STANDARD,COD,2025-11-05,12-11-2025,Delivered - Late,1,126.02,64.21,Rs. 5920,
ORD-100638,2025-07-18,Delivered,Mobile App,CUS43280,Anjali Iyer,Regular,Mumbai,Maharashtra,Personal Care,1,0.77,MC-BOM,West,2025-07-18,2025-07-18,Standard,Prepaid,21 July 2025,2025-07-20,Delivered,1,114,36,1385,
ORD-100020,15-Aug-2025,Delivered,Website,CUS18970,Sai Shah,Regular,Bombay,Maharashtra,Personal Care,1,0.22,MC-BOM,West,17-08-2025,2025-08-17,Std,Prepaid,2025-08-20,2025-08-20,Delivered,1,98.47,-,1582,
ORD-100204,2025-07-02 00:00:00,Delivered,Marketplace,CUS38237,Manoj Nair,Regular,Nashik,NULL,Personal Care,1,0.62,MC-BOM ,West,N/A,02-Jul-2025,Standard,Prepaid,2025-07-05,05-07-2025,Delivered,1,₹88.15,₹41.97,782.27,
,16-10-2025,Delivered,Website,CUS47222,Neha Sharma,Regular,Gurugram,Haryana,Electronics,1,3.66,MC-DEL,North,2025-10-18,18-10-2025,ECONOMY,Prepaid,23-10-2025,25-10-2025,Delivered - Late,1,105.82,50.54,"₹29,005.17",
ORD-100078,06 August 2025,DELIVERED,Website,-,Saanvi Reddy,Business,Bangalore,Karnataka,Furniture,3,15.05 kg,MC-BLR,South,2025-08-06,06-08-2025,Standard,Prepaid,2025-08-09,2025-08-08,Delivered ,1,279,32,160501.92,
ORD-100288,19-11-2025,Delivered,Mobile App,N/A,Nikhil Kumar,Regular,Ahmedabad,Gujarat,Furniture,1,25.27,MC-BOM ,West,2025-11-21 00:00:00,2025-11-22,Express,Prepaid,11/24/2025,25-11-2025,Delivered(Late),1,492.07,Rs. 64,"₹58,138.03",
ORD-100673,2025-11-29,Returned,Mobile App,CUS42936,Neha Pillai,Regular,Kolkata,West Bengal,Apparel,1,0.5,MC-KOL,East,2025-12-01 00:00:00,01 December 2025,Express,Prepaid,03-12-2025,05 December 2025,Returned by Customer,2,180.17,Rs. 123,"3,386.90",Wrong Size/Fit
ORD-100714,04-Nov-2025,Delivered,Mobile App,CUS40946,Arun Kumar,Loyalty,Ahmedabad  ,Gujarat,Home & Kitchen,1,7.19,MC-BOM,West,2025-11-10,11/12/2025,Standard,Prepaid,15 November 2025,2025-11-14,Delivered,1,₹169.03,Rs. 61,Rs. 5585,
ORD-100522,2025-06-23,Delivered,Mobile App,CUS35657,IRA RAO,Regular,Bengaluru,Karnataka,Home & Kitchen,1,1.19, MC-BLR,South,06/24/2025,06/24/2025,Economy,COD,29-Jun-2025,02-07-2025,Delivered - Late,1,98.23,30.19,"6,335.90",
ORD-100498,2025-06-15,Delivered,Marketplace,CUS26267,Pooja Naidu,Regular,Bhopal,Madhya Pradesh,Personal Care,4,0.72,MC-DEL,North,06/15/2025,2025-06-17,Standard,Prepaid,23/06/2025,23-06-2025,Delivered,1,₹166.17,44.34,4196,
ORD-100533,04-05-2025,Delivered,Mobile App,CUS39424,Deepak Verma,Loyalty,DELHI,Delhi,Apparel,3,0.97,MC-DEL,North,04-05-2025,05/04/2025,Express,Prepaid,2025-05-06,05/07/2025,Delivered - Late,1,183.33,₹37.63,"₹9,441.36",
ORD-100512,12-12-2025,Delivered,Mobile App,CUS43022,  Divya Gupta  ,Regular,Pune,Maharashtra,Apparel,2,0.55,MC-BOM,West,2025-12-13,2025-12-14,Economy,COD,19-12-2025,23-Dec-2025,Delivered - Late,1,91.23,58,₹886.06,
ORD-100328,05-Jul-2025,Delivered,Website,CUS39150,Aditya Bose,Loyalty,Gurugram,Haryana,Apparel,1,0.65,MC-DEL,North,2025-07-05,2025-07-06,Standard,Prepaid,2025-07-09,2025-07-08,DELIVERED,1,96.65,42.31,1860,
ORD-100624,28/06/2025,Delivered,Mobile App,CUS41876,NAVYA JOSHI,Loyalty,Kolkata,West Bengal,Electronics,3,0.95,MC-KOL,East,06/29/2025,06/29/2025,Surface,Prepaid,2025-07-05 00:00:00,2025-07-05,delivered,2,66.10,100,133958,
ORD-100483,25/09/2025,Delivered,Marketplace,CUS47729,Kavya Joshi,Regular,Noida,U.P.,Home & Kitchen,1,5.14 kg,MC-DEL,North,2025-09-26,27-Sep-2025,Economy, ,02-Oct-2025,08-Oct-2025,delivered - late,1,146.06,44.37,"9,923.24",
ORD-100510,17/08/2025,Delivered,Website,cus44200,Ananya Agarwal,Regular,Mumbai,Maharastra,Personal Care,1,1.0,MC-BOM,West,2025-08-18,2025-08-20,Express,Prepaid,2025-08-22,08/22/2025,delivered,1,185,Rs. 42,1513.10,
ORD-100097,2025-06-18,Delivered,Marketplace,CUS34507,Anjali Pillai,Loyalty,Pune,Maharashtra,Personal Care,5,0.82,MC-BOM,West,18-Jun-2025,19 June 2025,Standard,COD,22-06-2025,22-Jun-2025,Delivered,2,109,₹83.28,6035,
ORD-100059,12-May-2025,DELIVERED,Mobile App,CUS20921,Rohan Bose,Regular,Patna,Bihar,Home & Kitchen,1,3.6,MC-BOM,West,14-05-2025,14-05-2025,Standard,Prepaid,N/A,2025-05-20,DELIVERED,1,203.43,30,1320.20,
ORD-100466,09-11-2025,Delivered,Mobile App,CUS11843,Riya Chatterjee,Regular,Hyderabad,telangana,Electronics,2,1.73,MC-HYD,South,11/11/2025,12-Nov-2025,Express,Prepaid,N/A,13-11-2025,Delivered,2,207.85,102,74108.18,
ORD-100412,08/23/2025,Delivered,Website,CUS38248,Sai Shah,Business,Bhopal,Madhya Pradesh,Electronics,2 pcs,3.83,Mc-Bom,West,25-08-2025,,Standard,Prepaid,05/09/2025,05 September 2025,delivered,1,202.44,43.20,2927,
ORD-100195,2025-10-13 00:00:00,Delivered,Retail Store,CUS37681,Diya Iyer,Loyalty,Coimbatore,Tamil Nadu,Apparel,1,0.2,MC-BLR,South,2025-10-16,2025-10-18,express,COD,2025-10-20,20-Oct-2025,Delivered,2,193,102.50,2226.07,
ORD-100033,06-12-2025,Cancelled,Mobile App,CUS46420,Ira Patel,Loyalty,Noida  ,Uttar Pradesh,Personal Care,1,0.65,MC-DEL,North,06-12-2025,2025-12-06,Economy,Prepaid,11-12-2025,,Cancelled,0,75,₹12.28,853.44,
ORD-100148,01/11/2026,Delivered,Marketplace,CUS31196,Reyansh Nair,Regular,Coimbatore,Tamil Nadu,Electronics,1,2.94,MC-HYD,South,12-Jan-2026,14-Jan-2026,Standard,Prepaid,17-01-2026,21-Jan-2026,Delivered - Late,2,116.80,₹82.61,41231,
100594,22-Jun-2025,Delivered,Mobile App,CUS32995,Krishna Pillai,Business, Bangalore,Karnataka,Apparel,1,0.88,MC-BLR,South,2025-06-24 00:00:00,2025-06-25,Standard,Prepaid,06/28/2025,2025-06-28,DELIVERED,1,104.30,39.40,943.49,
100607,10-Sep-2025,Delivered,Mobile App,CUS49687,  Ayaan Agarwal  ,Regular, Kolkata,West Bengal,Home & Kitchen,1,6.18,MC-KOL,East,2025-09-12 00:00:00,12-09-2025,express,Prepaid,14/09/2025,2025-09-20 00:00:00,Delivered - Late,1,₹251.87,60.36,7445.62,
ORD-100316,03-Aug-2025,Returned,Website,CUS28011,Sanjay Chatterjee,Regular,Ahmedabad,Gujarat,Apparel,2,1.51,MC-BOM,West,2025-08-03 00:00:00,08/03/2025,ECONOMY,Prepaid,08-08-2025,08/07/2025,Returned by Customer,1,84.62,44.99,2022.20,Customer Refused
ORD-100479,07/21/2025,Cancelled,Marketplace,CUS42975,Kiara Rao,Regular,Surat,Gujarat,Apparel,5,1.51,MC-BOM,West,2025-07-21,21-07-2025,Economy,COD,26-07-2025,,cancelled,0,91.13,-3,"9,665.15",
ORD-100354,08-May-2025,Delivered,Marketplace,CUS28064,Aadhya Patel,Regular,Mumbai,Maharashtra,Furniture,1,16.63,MC-BOM,West,08-05-2025,2025-05-08,Std,Prepaid,11-May-2025,2025-05-11 00:00:00,Completed,2,₹293.30,Rs. 35,Rs. 33933,
ORD-100766,2025-09-26,Delivered,Website,CUS30089,Vivaan Iyer,Loyalty, Kolkata,West Bengal,Home & Kitchen,1,7.81,MC-KOL,East,-,26-09-2025,Express,Prepaid,28-09-2025,2025-09-28 00:00:00,Delivered,3,₹274.74,148,"₹7,123.88",
100761,23-07-2025,DELIVERED,Retail Store,CUS46023,SURESH CHATTERJEE,Business,Hyderabad,Telangana,Home & Kitchen,1,4.28,MC-BLR,South,23-07-2025,07/23/2025,Express,Prepaid,25-07-2025,24-Jul-2025,DELIVERED,1,₹233.64,32.66,"₹8,572.67",
ORD-100355,2025-11-18,delivered,Mobile App,CUS30774,Anjali Menon,Loyalty,Kolkata,West Bengal,Electronics,1,2.84,MC-KOL,East,19/11/2025,22 November 2025,Standard,Prepaid,2025-11-26,2025-11-25 00:00:00,Completed,1,₹135.87,77.21,"₹41,097.14",
ORD-100690,2025-05-25,Delivered,Website,CUS20372,Sneha Sharma,Regular,Ahmedabad,Gujarat,Electronics,1,4.59,MC-BOM,West,2025-05-27,2025-05-27,Standard,Prepaid,2025-05-30,30/05/2025,Delivered,1,154,41,23423.19,
ORD-100303,2026-01-14,Delivered,Marketplace,CUS24182,Nikhil Bose,Regular,Mumbai,Maharashtra,Apparel,1,1.13,MC-BOM,West,14-Jan-2026,01/15/2026,Express,Prepaid,17/01/2026,2026-01-19,Delivered - Late,1,₹187.06,41.57,3877.13,
ORD-100151,20-01-2026,Delivered,Mobile App,CUS17150,Manoj Rao,Loyalty,Mumbai,Maharashtra,Personal Care,5,0.76,MC-BOM,West,01/20/2026,20-Jan-2026,Economy,Prepaid,25-Jan-2026,17-01-2026,Delivered,1,75.99,₹30.03,"3,018.75",
ORD-100602,2025-04-19,Delivered,Marketplace,CUS43977,Aadhya Agarwal,Loyalty,Chennai,TN,Electronics,1,1.33 kg,MC-BLR,South,20/04/2025,21 April 2025,Express,Prepaid,2025-04-23 00:00:00,23/04/2025,Delivered,1,200.12,39.32,14820,
ORD-100395,27 March 2025,delivered,Website,CUS14360,Navya Nair,Business,Hyderabad  ,Telangana,Electronics,1,1.73,MC-BLR,South,27-03-2025,2025-03-30,Express,Prepaid,04/01/2025,04/03/2025,Late Delivery,1,206.58,Rs. 32,39806,
ORD-100799,2025-04-27,delivered,Mobile App,CUS17481,Diya Bose,Loyalty,Noida,UP,Apparel,3 pcs,0.59 kg,MC-DEL ,North,2025-04-28,29-04-2025,EXPRESS,Prepaid,01 May 2025,01-05-2025,Delivered ,1,184.36,42.35,"8,384.31",
ORD-100083,2025-07-12,delivered,Marketplace,CUS48833,Navya Kumar,Loyalty,Mumbai,Maharashtra,Home & Kitchen,1,7.62,MC-BOM,West,12-07-2025,2025-07-14,Standard,COD,17-Jul-2025,17-07-2025,Delivered,2,189,₹80.43,9293,
ORD-100243,29-11-2025,Delivered,Website,CUS25039,  Nikhil Sharma  ,Loyalty,Noida,Uttar Pradesh,Furniture,1,7.69,MC-DEL,North,02-12-2025,03-Dec-2025,Exp,Prepaid,05-12-2025,2025-12-08,Delivered - Late,1,NA,52,42952,
ORD-100222,17-04-2025,Delivered,Marketplace,CUS16592,Ira Menon,Loyalty,Bengaluru,Karnataka,Home & Kitchen,1,1.19 kg,MC-BLR,South,2025-04-18,18-04-2025,Express,Prepaid,20-04-2025,2025-04-20 00:00:00,Delivered,2,₹200.45,89.67,"₹9,475.77",
ORD-100255,2025-11-01 00:00:00,Delivered,Website,CUS42269,  Aadhya Iyer  ,Business,Coimbatore,Tamil Nadu,Home & Kitchen,1,8.39,MC-BLR,South,2025-11-02,2025-11-06 00:00:00,Express,Prepaid,2025-11-08,2025-11-08,Delivered,1,280.29,55,8263,
ORD-100159,2025-07-29,Delivered,Mobile App,CUS41307,Vihaan Reddy,Regular,Noida,Uttar Pradesh,Apparel,4,0.99,MC-DEL,North,2025-07-29,29 July 2025,Express,Prepaid,2025-07-31,31-07-2025,delivered,1,193.69,₹39.18,9920,
ORD-100221,2025-10-14 00:00:00,Delivered,Marketplace,CUS24126,Suresh Gupta,Regular,Kolkata,WB,Electronics,3,2.02,MC-KOL,East,2025-10-15,2025-10-16 00:00:00,ECONOMY,Prepaid,22-Oct-2025,2025-10-22 00:00:00,Delivered,1,76.46,Rs. 87,132209.76,
ORD-100418,2025-04-18,Delivered,Website,CUS23328,Reyansh Menon,Business, Bangalore,karnataka ,Home & Kitchen,2,8.43, MC-BLR,South,18-04-2025,19-04-2025,express,Prepaid,21-04-2025,2025-04-21,Delivered, ,₹291.02,39.40,"₹2,445.28",
ORD-100637,13-03-2025,Delivered,Retail Store,CUS20532,Pooja Chatterjee,Loyalty,Noida,Uttar Pradesh,Home & Kitchen,1,7.78,MC-DEL,North,-,16-03-2025,Express,Prepaid,2025-03-18 00:00:00,18-03-2025,Delivered,1,285.41,₹38.79,"9,825.17",
ORD-100680,2025-11-11,Delivered,Mobile App,CUS24594,Anjali Mehta,Regular,Chennai,Tamil Nadu,Personal Care,1,0.57,MC-BLR,South,12-Nov-2025,2025-11-14,Std,Prepaid,2025-11-17,17-Nov-2025,Completed,1,111.04,54.88,"₹1,622.41",
ORD-100002,09/12/2025,Delivered,Website,CUS22532,Neha Reddy,Loyalty,Kochi,Kerala,Personal Care,1,0.23,MC-BLR,South,,11-12-2025,Standard,Prepaid,14-12-2025,2025-12-18,Delivered - Late,1,96.11,53.07,"1,403.23",
ORD-100280,2025-10-17 00:00:00,Delivered,Mobile App,CUS11554,Sneha Iyer,Regular, Kolkata,West Bengal,Electronics,1,2.26,MC-KOL,East,18-10-2025,10/21/2025,Economy,Prepaid,27-10-2025,30-10-2025,Delivered - Late,1,87,Rs. 80,7704.58,
ORD-100797,2025-10-11 00:00:00,Delivered,Mobile App,CUS23803,Meera Naidu,Loyalty,Pune,Maharashtra,Home & Kitchen,1,7.43 kg,MC-BOM,West,13-10-2025,14-10-2025,Express,Prepaid,2025-10-16,2025-10-16 00:00:00,delivered,2,261.23,₹105.75,"1,285.62",
ORD-100597,2025-12-05,Delivered,Mobile App,CUS27916,Sanjay Agarwal,Loyalty,Kochi,Kerala,Apparel,1,1.52,MC-HYD,South,08-12-2025,12/11/2025,Standard,COD,2025-12-14,21 December 2025,Delivered - Late,2,119.01,-,"₹1,940.27",
ORD-100785,2025-11-06,Delivered,Website,cus30191,Karthik Naidu,Loyalty,Jaipur,Rajasthan,Personal Care,1,0.33,mc-del,North,2025-11-08,09-11-2025,Express,COD,2025-11-11,14-11-2025,Delivered - Late,2,201.63,108,547.90,
ORD-100307,2025-08-18 00:00:00,DELIVERED,Mobile App,CUS22547,REYANSH PATEL,Loyalty,Raipur,Chhattisgarh,Apparel,1,0.5,MC-DEL,North,2025-08-20,21 August 2025,Express,COD,2025-08-25,26 August 2025,Late Delivery,2,260.80,79.58,914.40,
ORD-100592,11-Dec-2025,Delivered,Marketplace,CUS22539,Manoj Sharma,Regular,Delhi,Delhi,Home & Kitchen,1,1.25,MC-KOL,East,11-Dec-2025,12/13/2025,Express,Prepaid,12/17/2025,19-12-2025,Delivered - Late,1,248.18,75,NULL,
ORD-100473,17-Oct-2025,Delivered,Marketplace,CUS37314,Meera Verma,Regular,BENGALURU,Karnataka,Electronics,1,4.59,MC-BLR,South,18-10-2025,21-10-2025,Express,Prepaid,2025-10-23,2025-10-23,Delivered,1,Rs. 229,51.68,"13,410.55",
ORD-100132,07/30/2025,Delivered,Mobile App,CUS46350,Saanvi Pillai,Regular,New Delhi,Delhi,Electronics,1,3.94,MC-DEL,North,2025-07-30, ,Express,Prepaid,2025-08-01,01-08-2025,Delivered,1,229.21,39.64,Rs. 28915,
ORD-100538,24-May-2025,Delivered,Mobile App,CUS13520,Divya Nair,Loyalty,delhi ,Delhi,Electronics,1,2.17 kg,MC-DEL,North,25/05/2025,27/05/2025,Standard,Prepaid,2025-05-30,30-05-2025,delivered,1,130.07,37.11,"₹23,566.77",
ORD-100241,04/21/2025,Delivered,Marketplace,CUS29148,Ayaan Pillai,Regular,Kochi,Kerala,Apparel,1,0.98,MC-BLR,South,04/21/2025,23-Apr-2025,Standard,Prepaid,04/26/2025,-,Delivered,1,113.73,35.34,"₹1,891.88",
,29-Nov-2025,Delivered,Mobile App,CUS23673,Priya Mehta,Regular,Lucknow,-,Personal Care,1,,MC-DEL,North,2025-12-01,02-12-2025,Economy,Prepaid,12/07/2025,06 December 2025,Delivered,1,61.21,62,720.60,
100009,14 November 2025,delivered,Marketplace,CUS35185,NA,Regular,Kolkata,West Bengal,Electronics,1,0.29,MC-KOL,East,13-11-2025,2025-11-16 00:00:00,Express,Prepaid,2025-11-18,11/18/2025,Delivered,1,194.19,81.42,"₹5,139.41",
ORD-100321,2025-07-09,Delivered,Marketplace,CUS44074,  Manoj Sharma  ,Loyalty,delhi ,Delhi,Home & Kitchen,1,2.01,MC-DEL,North,2025-07-09,09 July 2025,Express,Prepaid,11/07/2025,07/10/2025,Delivered,1,218,₹43.90,4215,
ORD-100080,20-05-2025,Delivered,Website,CUS43256,Navya Chatterjee,Regular,Pune,Maharashtra,Furniture,1 pcs,53.0,MC-BOM,West,20-May-2025,2025-05-21,Standard,Prepaid,24-May-2025,19-05-2025,Delivered,1,592.06,Rs. 37,93350.49,
ORD-100388,2025-04-28,Delivered,Retail Store,CUS31439,Ramesh Gupta,Loyalty,Chennai,TN,Apparel,1,0.9,MC-BLR,South,04/28/2025,29-04-2025,Express,Prepaid,2025-05-01,01-May-2025,Delivered,-1,Rs. 195,39,2228.12,
ORD-100074,17 May 2025,Delivered,Website,CUS10382,Shreya Pillai,Regular,Kolkata,West Bengal,Apparel,1,1.5,MC-KOL,East,17-05-2025,19/05/2025,Standard,Prepaid,23-May-2025,23-05-2025,DELIVERED,1,101.58,₹68.58,1138,
ORD-100431,2025-12-21,Failed Delivery,Mobile App,CUS49786,  Manoj Patel  ,Regular,Calcutta,West Bengal,Personal Care,1,0.87,MC-KOL,East,2025-12-24,2025-12-24,Economy,Prepaid,12/30/2025,,RTO - Return to Origin,0,77.96,310.34,938.97,RTO - Customer Refused Delivery
ORD-100061,03-11-2025,Failed Delivery,Mobile App,CUS18111,MEERA MENON,Loyalty,Bhubaneswar,Odisha,Home & Kitchen,1,1.52,MC-KOL ,East,2025-11-05 00:00:00,08-11-2025,Economy,Prepaid,11/14/2025,,RTO - Return to Origin,3,85,Rs. 270,6680,RTO - Customer Refused Delivery
ORD-100725,22-06-2025,Delivered,Mobile App,CUS38942,Saanvi Sharma,Regular,Patna,Bihar,Apparel,3,0.28,MC-KOL,East,,06/24/2025,Standard,Prepaid,28/06/2025,06/27/2025,Delivered,1,99.05,60.50,12664,
ORD-100374,2025-11-26,Delivered,Website,CUS20874,Diya Shah,Regular,Gurugram,Haryana,Personal Care,1,0.81,Mc-Del,North,2025-11-26,2025-11-28,Economy,Prepaid,03-12-2025,03-12-2025,Delivered,1,56.48,₹64.83,₹225.67,
ORD-100672,05-Jan-2026,Delivered,Website,CUS43859,Arjun Chatterjee,Loyalty,Mumbai,maharashtra,Electronics,1,1.3,MC-BOM,West,2026-01-05,01/05/2026,Economy,Prepaid,10-Jan-2026,2026-01-16,Delivered(Late),1,72,37,9596.30,
ORD-100351,19-Jun-2025,DELIVERED,Marketplace,CUS23557,Ramesh Shah,Regular,Hyderabad,Telangana,Home & Kitchen,1,3.88,MC-BLR,South,19-06-2025,2025-06-22,Express,Prepaid,2025-06-24 00:00:00,2025-06-23,Delivered ,2,₹228.82,88.69,3948.99,
ORD-100751,01/04/2025,delivered,Mobile App,CUS38485,Riya Singh,Regular,Noida,Uttar Pradesh,Home & Kitchen,1,4.34,MC-DEL,North,02-Apr-2025,03-04-2025,Economy,COD,08/04/2025,07-04-2025,Delivered ,1,113.94,44.44,6342.12,
ORD-100713,09/04/2025,Delivered,Website,CUS46747,Ira Rao,Regular,Bengaluru,Karnataka,Electronics,1,4.47,MC-BLR,South,04-09-2025,09/05/2025,Standard,Prepaid,08-Sep-2025,2025-09-08,Delivered,1,144,32,"29,049.84",
ORD-100387,20-04-2025,Delivered,Mobile App,CUS10275,Arjun Gupta,Business,Ahmedabad,Gujarat,Electronics,3,4.5,MC-BOM,West,21-04-2025,2025-04-22 00:00:00,Express,Prepaid,2025-04-24,04/23/2025,Delivered ,1,229.15,37.34,-,
ORD-100112,2025-07-18,Delivered,Website,CUS31180,Saanvi Reddy,Regular,Noida,Uttar Pradesh,Electronics,1,4.54,Mc-Bom,West,19 July 2025,20-07-2025,Express,Prepaid,24-Jul-2025,2025-07-23,Delivered,1,298.96,37.83,40517,
ORD-100804,2026-01-19,Delivered,Marketplace,CUS33443,Arjun Patel,Regular,MUMBAI,Maharashtra,Apparel,1,1.14,MC-BOM,West,2026-01-18,19-01-2026,Economy,Prepaid,24-01-2026,2026-01-24 00:00:00,Delivered,1,73.97,44,Rs. 1995,
ORD-100695,02-11-2025,Delivered,Marketplace,CUS17695,Reyansh Das,Regular,Kochi  ,Kerala,Electronics,1,3.94, MC-BLR,South,2025-11-01,04-Nov-2025,Standard,Prepaid,07-Nov-2025,07-11-2025,Delivered,2,132,103.94,Rs. 44333,
ORD-100581,28-Sep-2025,Delivered,Website,CUS45687,Ishaan Singh,Regular,Bhopal,Madhya Pradesh,Electronics,1,4.51,MC-DEL,North,28-09-2025,2025-09-29,Economy,Prepaid,2025-10-07,,Delivered(Late),1,172.99,34,25660.05,
ORD-100582,01-Dec-2025,Delivered,Website,CUS22986,Pooja Reddy,Loyalty,Mumbai,Maharastra,Home & Kitchen,1,1.09,MC-BOM,West,02 December 2025,04-12-2025,Express,Prepaid,06-12-2025,08-12-2025,Delivered - Late,1,₹193.91,55.16,Rs. 338,
ORD-100481,2025-04-18,Delivered,Marketplace,CUS21618,Kavya Patel,Regular,Chennai,Tamil Nadu,Apparel,1, ,MC-BLR,South,19-04-2025,NULL,STANDARD,Prepaid,2025-04-22,04/28/2025,Delivered - Late,1,112,Rs. 41,2120,
ORD-100025,2025-02-11,Delivered,Mobile App,CUS21142,Aditya Verma,Business,Mumbai,Maharashtra,Personal Care,1,0.81,MC-BOM,West,12/02/2025,12-02-2025,EXPRESS,Prepaid,14-02-2025,13-02-2025,DELIVERED,1,₹192.43,42,520.37,
ORD-100669,2025-08-17 00:00:00,Delivered,Mobile App,CUS48356,Ira Naidu,Regular,Kolkata,West Bengal,Personal Care,1,0.38 kg,MC-KOL,East,2025-08-19,19/08/2025,Economy,Prepaid,08/25/2025,25 August 2025,Delivered,1,49.91,65.82,2169.04,
ORD-100054,12/12/2025,delivered,Mobile App,CUS12983,Priya Pillai,Regular,Surat,Gujarat,Personal Care,1,1.11,MC-BOM,West,2025-12-14,16-12-2025,economy,Prepaid,21 December 2025,2025-12-23,Delivered - Late,1,64.78,55.64,"₹1,920.15",
ORD-100775,2025-09-12,Delivered,NULL,CUS23662,Arun Verma,Loyalty,Pune,Maharashtra,Electronics,1,1.26,Mc-Bom,West,2025-09-12, ,Express,COD,15-09-2025,20-Sep-2025,delivered - late,3,₹216.17,133.20,"14,568.84",
ORD-100772,15-05-2025,Delivered,Mobile App,CUS40386,Aditya Iyer,Regular,Chennai,TN,Electronics,1 pcs,0.56,MC-BLR,South,2025-05-15,2025-05-15,Express,COD,2025-05-17,2025-05-17,Delivered,2,195.24,84.25,20404.32,
ORD-100737,01-09-2025,Delivered,Website,CUS49859,Arjun Kumar,Loyalty,Chennai,Tamil Nadu,Personal Care,1,NULL,MC-BLR,South,09/01/2025,01-09-2025,Express,COD,03-Sep-2025,2025-09-08,Delivered - Late,1,209.11,-,1634.40,
ORD-100806,09-08-2025,Delivered,Marketplace,CUS45211,Manoj Verma,Regular,Delhi,DL,Furniture,1, ,MC-DEL ,North,08/09/2025,09-Aug-2025,Express,Prepaid,11-08-2025,11/08/2025,Delivered,1,564.23,36.48,11577,
ORD-100641,13-12-2025,DELIVERED,Mobile App,CUS31117,Deepak Iyer,Regular,Pune,Maharashtra,Electronics,1 pcs,1.98,MC-BOM,West,14-12-2025,15-12-2025,Standard,Prepaid,2025-12-18,20-Dec-2025,Delivered - Late,1,Rs. 104,57.49,25898.80,
ORD-100095,2025-09-14,Delivered,Mobile App,CUS34720,Divya Verma,Regular,Kochi,Kerala,Apparel,1,0.83,MC-BLR,South,2025-09-15,09/16/2025,standard,Prepaid,19-09-2025,09/18/2025,Delivered,1,₹106.99,Rs. 31,3430.22,
ORD-100175,18 September 2025,Failed Delivery,Mobile App,CUS37370,Nikhil Iyer,Loyalty,Bengaluru,Karnataka,Electronics,1,0.86,MC-HYD ,South,19 September 2025,20-09-2025,Express,Prepaid,2025-09-22,,RTO-Return To Origin,4,₹188.11,266.25,Rs. 26805,RTO - Address Not Found
ORD-100793,20-07-2025,Delivered,Mobile App,CUS29325,Nikhil Pillai,Regular,Jaipur,Rajasthan,Apparel,1,0.49,MC-DEL,North,07/20/2025,20 July 2025,Economy,Prepaid,25-Jul-2025,25-Jul-2025,Delivered,1,72,₹36.45,Rs. 2791,
ORD-100188,18-11-2025,Delivered,Website,CUS47807,Divya Mehta,Regular,Chennai,Tamil Nadu,Apparel,2,1.26,MC-BLR,South,2025-11-20,2025-11-23,Standard,Prepaid,2025-11-26,26-11-2025,Delivered,1,₹108.05,51.25,4315,
ORD-100043,2025-08-24,delivered,Website,CUS14366,Anika Menon,Loyalty,Noida,Uttar Pradesh,Electronics,1,4.37,MC-DEL,North,2025-08-24,2025-08-27,Express,Prepaid,29-08-2025,28-Aug-2025,Delivered,1,244,35.71,17956,
ORD-100023,22-Sep-2025,Delivered,Mobile App,CUS17491,Priya Patel,Regular,Noida,Uttar Pradesh,Furniture,1,15.99,MC-DEL,North,2025-09-23,2025-09-26,Express,COD,09/28/2025,28-09-2025,Delivered,1,,37.45, ,
ORD-100551,04-11-2025,Delivered,Mobile App,CUS38479,Meera Chatterjee,Business,Mumbai,Maharashtra,Personal Care,1,0.25,MC-BOM,West,06-Nov-2025,09-11-2025,Economy,Prepaid,2025-11-14,2025-11-14,Delivered,1,Rs. 53,₹61.35,"1,679.37",
ORD-100628,12-11-2025,Delivered,Website,CUS31214,Kavya Singh,Regular,Chennai,Tamil Nadu,Furniture,1,30.64,MC-BLR,South,14-11-2025,14 November 2025,Standard,Prepaid,17/11/2025,11/20/2025,Delivered - Late,1,₹450.28,54.45,"₹11,887.63",
ORD-100635,08/03/2025,DELIVERED,Mobile App,CUS48155,Shreya Pillai,Regular,Bengaluru,Karnataka,Home & Kitchen,1,4.31 kg,MC-HYD,South,04-08-2025,02-08-2025,Standard,COD,-,08/09/2025,Late Delivery,2,₹153.55,82.07,"4,558.27",
ORD-100508,09/06/2025,Failed Delivery,Website,CUS16944,Myra Nair,Regular,Indore,Madhya Pradesh,Home & Kitchen,1,5.48,MC-BOM,West,06/09/2025,09/07/2025,Express,COD,11-Sep-2025,,RTO - Return to Origin,3,333.18,219.69,"₹6,982.49",RTO - Address Not Found
ORD-100569,25-09-2025,Delivered,Website,CUS15032,  Myra Iyer  ,Regular,Bombay,Maharashtra,Electronics,1,2.62,MC-BOM,West,09/25/2025,2025-09-25,Standard,Prepaid,28-09-2025,28-09-2025,Delivered,2,124.80,₹75.79,10563,
ORD-100047,2025-08-31,Delivered,Marketplace,CUS10868,Shreya Singh,Regular,Kolkata,West Bengal,Home & Kitchen,1,3.31,MC-KOL,East,02-09-2025,2025-09-02 00:00:00,Standard,Prepaid,09/06/2025,06-09-2025,Delivered,1,125.59,64.56,10843.43,
ORD-100279,21 July 2025,Delivered,Marketplace,CUS31924,Sneha Mehta,Loyalty,Hyderabad,Telangana,Home & Kitchen,1,5.64,MC-BLR,South,21-07-2025,2025-07-21,Express,COD,23-07-2025,2025-07-22,Delivered,1,268.30,31,11060,
ORD-100216,16 December 2025,Delivered,Marketplace,CUS39460,SAI AGARWAL,Regular,Pune,Maharashtra,Home & Kitchen,1,7.84,MC-BOM,West,17-12-2025,19-12-2025,Express,Prepaid,2025-12-21,21-12-2025,Delivered,1,₹268.74,52.44,8913,
ORD-100297,22-Sep-2025,Delivered,Website,CUS38469,Nikhil Iyer,Regular,Mumbai,MH,Electronics,1,4.33,MC-BOM,West,2025-09-22,2025-09-24,Standard,Prepaid,27-Sep-2025,-,Delivered,1, ,40.31,"22,422.55",
ORD-100667,2025-03-19 00:00:00,delivered,Retail Store,CUS22502,Manoj Mehta,Regular,Bhubaneswar,Odisha,Personal Care,1,0.41,MC-KOL,East,03/20/2025,2025-03-21,Standard,Prepaid,25/03/2025,2025-03-24,Delivered,1,₹102.44,58,"2,115.91",
ORD-100429,2025-12-01,Cancelled,Marketplace,CUS24791,Vihaan Reddy,Regular,Delhi,Delhi,Electronics,1,1.13,MC-DEL,North,01-12-2025,01-12-2025,Standard,COD,04-12-2025,,CANCELLED,0,123.86,15,"27,885.59",
ORD-100194,2025-04-23,Returned,Mobile App,CUS31432,Arun Naidu,Regular,Surat,Gujarat,Furniture,1,12.83,MC-BOM,West,2025-04-23,24-04-2025,Standard,Prepaid,2025-04-27,04/26/2025,RETURNED,1,238,37.62,48385.18,Damaged in Transit
ORD-100747,11-Oct-2025,Delivered,Retail Store,CUS47348,Anika Naidu,Regular,Hyderabad,Telangana,Apparel,3,0.14 kg,MC-HYD,South,11-Oct-2025,13-10-2025,Standard,COD,16-Oct-2025,10/16/2025,Delivered,2,116,105.39,1525.62,
ORD-100732,2025-10-29,Returned,Mobile App,CUS45853,Neha Mehta,Regular,Delhi,Delhi,Electronics,1,4.53,MC-DEL,North,30-10-2025,30/10/2025,Standard,Prepaid,2025-11-02,2025-11-01,Returned by Customer,1,146,64.10,11271.40,Quality Issue
ORD-100280,2025-10-17 00:00:00,Delivered,Mobile App,CUS11554,Sneha Iyer,Regular, Kolkata,West Bengal,Electronics,1,2.26,MC-KOL,East,18-10-2025,10/21/2025,Economy,Prepaid,27-10-2025,30-10-2025,Delivered - Late,1,97.00,Rs. 80,7704.58,
ORD-100636,2025-06-21,DELIVERED,Mobile App,CUS12970,Sanjay Rao,Regular,Hyderabad  ,Telangana,Furniture,3,17.73,MC-HYD,South,21-06-2025,2025-06-22,Standard,COD,25-06-2025,2025-06-28,Late Delivery,1,312,₹31.17,106185.69,
ORD-100043,2025-08-24,delivered,Website,CUS14366,Anika Menon,Loyalty,Noida,Uttar Pradesh,Electronics,1,4.37,MC-DEL,North,2025-08-24,2025-08-27,Express,Prepaid,29-08-2025,28-Aug-2025,Delivered,1,254.00,35.71,17956,
ORD-100700,2025-06-05,Delivered,Website,CUS43286,Vivaan Kumar,Loyalty,Hyderabad,Telangana,Apparel,1,0.27,mc-hyd,South,2025-06-09,11/06/2025,Express,Prepaid,13-Jun-2025,10-06-2025,Delivered,1,174.83,₹35.29,"₹3,485.13",
ORD-100267,20-Nov-2025,Delivered,Mobile App,CUS24301,Manoj Sharma,Regular,Nashik,NULL,Home & Kitchen,1,6.64,MC-BOM,West,11/26/2025,28-11-2025,Standard,Prepaid,2025-12-01,2025-12-01,Delivered,1,185,58.33,5100.31,
100257,29/09/2025,Failed Delivery,Website,CUS25550,  Sai Verma  ,Regular,Indore,Madhya Pradesh,Personal Care,1,0.22,MC-BOM,West,2025-09-29,02-Oct-2025,Standard,Prepaid,10/08/2025,,RTO - Return to Origin,3,₹155.23,226,"₹1,485.87",RTO - Max Attempts Exhausted
ORD-100080,20-05-2025,Delivered,Website,CUS43256,Navya Chatterjee,Regular,Pune,Maharashtra,Furniture,1 pcs,53.0,MC-BOM,West,20-May-2025,2025-05-21,Standard,Prepaid,24-May-2025,19-05-2025,Delivered,1,592.06,Rs. 37,93350.49,
ORD-100016,2025-06-27,Delivered,Website,CUS38135,Karthik Singh,Loyalty,Ahmedabad,Gujarat,Apparel,1,1.21,MC-BOM ,West,30-06-2025,01-07-2025,Express,Prepaid,2025-07-03,07/03/2025,Delivered,1,204,₹44.08,1958,
100223,2025-01-28,delivered,Retail Store,CUS24212,Arjun Kumar,Regular,Mumbai  ,Maharashtra,Apparel,1,0.12,MC-BOM,West,28 January 2025,28 January 2025,economy,Prepaid,02/02/2025,06-Feb-2025,Delivered - Late,1,66.05,42.99,₹694.07,
ORD-100311,03-07-2025,Delivered,Marketplace,CUS44628,Manoj Nair,Business,Nashik,maharashtra,Apparel,1,0.7,MC-BOM,West,04 July 2025,2025-07-05,Economy,-,2025-07-10,10-Jul-2025,Delivered,1,Rs. 54,38.00,910.87,
ORD-100322,2025-11-09,Delivered,Website,CUS19030,Aditya Gupta,Regular,Chennai,Tamil Nadu,Personal Care,3,0.27,MC-BLR,South,10/11/2025,10 November 2025,Express,Prepaid,12 November 2025,2025-11-13 00:00:00,DELIVERED-LATE,1,176.77,52.02,4784.64,
ORD-100123,2025-05-03,delivered,Website,CUS17236,Swati Patel,Regular,Calcutta,West Bengal,Furniture,1,6.57,MC-KOL,East,06-May-2025,07-May-2025,standard,Prepaid,11-05-2025,2025-05-11 00:00:00,Delivered,1,181.83,NA,"45,769.22",
ORD-100211,05-Sep-2025,Delivered,Retail Store,CUS18720,Neha Singh,Regular,Noida,Uttar Pradesh,Home & Kitchen,1,N/A,MC-DEL,North,2025-09-07,2025-09-07 00:00:00,Express,Prepaid,09/09/2025,09/09/2025,Delivered,1,273.96,34,"₹10,302.99",
ORD-100389,11/18/2025,Delivered,Website,CUS12252,Ananya Verma,Loyalty,Gurugram,Haryana,Electronics,1,0.67,MC-DEL,North,21-11-2025,24-Nov-2025,Economy,COD,2025-11-29,29 November 2025,Delivered ,2,73.25,₹108.29,2324.06,
ORD-100653,2025-04-22,Delivered,Mobile App,CUS48390,Ayaan Verma,Regular,Ahmedabad  ,Gujarat,Apparel,1,1.47,MC-BOM,West,22/04/2025,04/24/2025,EXPRESS,Prepaid,26-Apr-2025,2025-04-27,Delivered(Late),1,Rs. 193,42.48,Rs. 2155,
ORD-100724,09-11-2025,Delivered,Marketplace,CUS28468,Anika Pillai,Loyalty,Hyderabad  ,Telangana,Home & Kitchen,1,8.59,mc-hyd,South,09-Nov-2025,11-11-2025,Economy,COD,16-11-2025,19-Nov-2025,Delivered - Late,2,167,106,663.99,
ORD-100565,14/02/2025,Delivered,Marketplace,CUS23858,SWATI JOSHI,Business,Surat,Gujarat,Personal Care,5,0.61,MC-BOM,West,14-Feb-2025,2025-02-14 00:00:00,Express,Prepaid,16-Feb-2025,16-02-2025,Delivered,1,193.03,41,"₹2,918.25",
ORD-100777,10-Dec-2025,Returned,Website,CUS43508,Myra Sharma,Regular,Kolkata,West Bengal,Apparel,5,0.53 kg,MC-KOL,East,12-Dec-2025,13-12-2025,Express,Prepaid,15/12/2025,15-12-2025,Customer Return,1,178.41,₹87.71,Rs. 2667,Wrong Item Delivered
ORD-100459,09-08-2025,Delivered,Website,CUS37382,Meera Reddy,Loyalty,Chennai,Tamilnadu,Electronics,1,3.27,MC-HYD,South,09-Aug-2025,09-Aug-2025,Express,Prepaid,11-Aug-2025,14 August 2025,delivered - late,1,218.49,42.25,28843.04,
ORD-100179,22-12-2025,Cancelled,Website,CUS25611,Ira Bose,Business,Raipur,Chhattisgarh,Electronics,1,1.19,MC-DEL,North,24-12-2025,27-12-2025,express,Prepaid,12/31/2025,,CANCELLED,0,245.14,₹13.87,26924.56,
ORD-100452,15-09-2025,Delivered,Marketplace,CUS37081,Reyansh Iyer,Loyalty,Delhi,New Delhi,Home & Kitchen,1,6.22,MC-KOL,East,16-Sep-2025,2025-09-16,Express,Prepaid,20/09/2025,2025-09-20,DELIVERED,N/A,310.54,55.68,10655.12,
ORD-100770,07/04/2025,Delivered,Website,CUS42078,Suresh Iyer,Regular,Pune  ,Maharashtra,Personal Care,1,0.57,MC-BOM,West,2025-07-06,06-07-2025,Std,Prepaid,09/07/2025,08-07-2025,Delivered,1,90.75,40.40,1806,
ORD-100397,2025-06-02,Delivered,Mobile App,CUS25074,Deepak Menon,Regular,Gurgaon,Haryana,Personal Care,1,0.3,MC-DEL,North,03-Jun-2025,03 June 2025,Economy,COD,06/08/2025,06/07/2025,delivered,1,₹86.75,42,₹402.14,
ORD-100231,2025-08-27,DELIVERED,Marketplace,,Shreya Reddy,Loyalty,Chennai,TN,Personal Care,1,0.22,MC-HYD,South,2025-08-27,28-Aug-2025,Express,COD,30-Aug-2025,2025-08-29,Delivered,2,190,89.68,"1,762.88",
100165,27-05-2025,Failed Delivery,Mobile App,CUS31148,Meera Joshi,Regular,Surat,Gujarat,Apparel,1,1.03,MC-BOM,West,27-05-2025,2025-05-31,Economy,Prepaid,05/06/2025,,RTO - Return to Origin,3,77,229,Rs. 2875,RTO - Customer Refused Delivery
ORD-100147,2025-04-20 00:00:00,Delivered,Marketplace,CUS45960,Reyansh Singh,Regular,Kolkata,West Bengal,Furniture,1,15.63,MC-KOL ,East,2025-04-20 00:00:00,2025-04-22 00:00:00,Standard,Prepaid,2025-04-26 00:00:00,29-04-2025,Delivered - Late,2,₹287.68,102.40,"35,231.76",
ORD-100564,10/28/2025,delivered,Website,CUS25976,KIARA CHATTERJEE,Loyalty,Bhubaneswar,NA,Personal Care,4,NULL,MC-HYD,South,30-Oct-2025,31/10/2025,Express,Prepaid,2025-11-04,06-Nov-2025,Delivered - Late,1,245.97,₹54.75,2906.20,
ORD-100050,16-Jun-2025,Delivered,Mobile App,CUS32064,RIYA CHATTERJEE,Business,Delhi,Delhi,Personal Care,1,1.13,MC-DEL,North,17-06-2025,2025-06-19,Express,Prepaid,21-Jun-2025,21-06-2025,Delivered,1,₹199.16,₹31.72,1022.25,
ORD-100622,09-09-2025,Delivered,Mobile App,CUS22015,Suresh Mehta,Business,Pune,Maharastra,Personal Care,1 pcs,0.9,MC-BOM,West,10/09/2025,11 September 2025,Express,Prepaid,13-09-2025,2025-09-13,Delivered,1,196.96,36.22,1097.56,
ORD-100768,2025-12-17,Delivered,Website,-,Swati Sharma,Loyalty,Indore,Madhya Pradesh,Personal Care,5,0.13,MC-DEL,North,2025-12-17,2025-12-19,Express,Prepaid,23 December 2025,2025-12-23,Completed,1,241.70,61.65,Rs. 6430,
ORD-100421,19-01-2026,delivered,Marketplace,CUS23824,Arun Das,Loyalty,Bengaluru,Karnataka,Home & Kitchen,1,6.39,MC-BLR,South,19-01-2026,2026-01-20,Standard,Prepaid,2026-01-23,23-Jan-2026,Delivered,1,178.19,34,11292.71,
ORD-100105,08/30/2025,Failed Delivery,Marketplace,CUS34690,Vihaan Mehta,Regular,Hyderabad,Telangana,Personal Care,1,0.73,MC-BLR,South,31-Aug-2025,09/02/2025,Express,COD,2025-09-04,,RTO - Return to Origin,2,NA,171.89,Rs. 899,RTO - Address Not Found
ORD-100278,03/10/2025,Delivered,Website,CUS45720,Sneha Joshi,Regular,Chennai,Tamil Nadu,Home & Kitchen,1,7.12,MC-BLR,South,04-10-2025,06-10-2025,Economy,COD,11 October 2025,2025-10-16 00:00:00,Delivered - Late,2,169.45,₹106.74,"7,928.43",
ORD-100027,15/08/2025,Delivered,Mobile App,CUS35318,Vivaan Bose,Loyalty,Pune,Maharashtra,Electronics,1,0.23,MC-BOM,West,08/16/2025,18-08-2025,Express,Prepaid,2025-08-20 00:00:00,20-08-2025,Delivered,1,193.62,43.79,"₹44,462.79",
ORD-100090,08-05-2025,Delivered,Website,CUS35164,Navya Shah,Regular,Noida,Uttar Pradesh,Electronics,1,3.77,MC-DEL,North,10-05-2025,2025-05-10 00:00:00,Express,Prepaid,12-May-2025,,Delivered,1,N/A,44.85,22413.71,
ORD-100529,06/05/2025,Failed Delivery,Mobile App,CUS32850,Vihaan Das,Regular,Nashik,Maharashtra,Furniture,1,7.21,MC-BOM,West,06/05/2025,06-06-2025,Economy,Prepaid,11/06/2025,,RTO - Return to Origin,4,₹153.44,268.54,43832.74,RTO - Address Not Found
ORD-100094,2025-06-06,Delivered,Website,CUS35683,Ira Menon,Regular,Ahmedabad,Gujarat,Apparel,1,0.57,MC-BOM,West,2025-06-07,07-06-2025,Express,Prepaid,09-Jun-2025,08/06/2025,Delivered,1,199.22,Rs. 34,"3,591.11",
ORD-100476,11-10-2025,Delivered,Marketplace,CUS40569,AARAV SINGH,Regular,Coimbatore,Tamil Nadu,Home & Kitchen,1,8.43,MC-HYD,South,N/A,2025-10-13,Economy,COD,18-Oct-2025,10/22/2025,delivered - late,1,₹184.36,Rs. 54,3272,
100484,2025-10-22,Delivered,Website,CUS17010,Anjali Gupta,Loyalty,Chennai,Tamilnadu,Electronics,1,1.24 kg,MC-BLR,South,22-10-2025,2025-10-27,Express,Prepaid,2025-10-29,2025-10-30,Delivered - Late,1,₹197.25,63.46,Rs. 4801,
100572,01-08-2025,Delivered,Marketplace,CUS10529,Ishaan Agarwal,Regular,Bengaluru,Karnataka,Electronics,1,3.29,MC-BLR,South,03-Aug-2025,04-08-2025,Express,Prepaid,06/08/2025,2025-08-05,Delivered,1,221.74,,"₹8,209.84",
ORD-100327,2025-08-03 00:00:00,Delivered,Website,CUS39495,Sai Shah,Business,Patna,Bihar,Electronics,1,4.84,MC-KOL,East,2025-08-03,03-08-2025,Express,Prepaid,2025-08-05,05-08-2025,Delivered,1,₹229.16,₹57.44,5899.66,
ORD-100052,19 October 2025,Delivered,Marketplace,CUS11237,Ananya Patel,Regular,Chennai,Tamil Nadu,Personal Care,2,0.47,MC-BLR,South,2025-10-19,20-10-2025,Express,Prepaid,2025-10-22,23-10-2025,Delivered - Late,1,195.47,64,"₹1,054.42",
ORD-100540,24/04/2025,Delivered,Marketplace,CUS12625,Deepak Pillai,Regular,Pune,Maharashtra,Apparel,4,1.39,MC-BOM,West,24/04/2025,24-04-2025,Economy,Prepaid,2025-04-29,01-05-2025,Delivered - Late,1,62.66,32,Rs. 17685,
ORD-100199,2025-06-07,Delivered,Mobile App,CUS41695,Sai Mehta,Business,Pune,Maharashtra,Personal Care,1,0.47 kg,MC-BOM,West,08-06-2025,2025-06-08,Express,Prepaid,06/10/2025,2025-06-10,Delivered,1,₹198.32,39,420.21,
ORD-100134,07-09-2025,Returned,Mobile App,CUS15314,SAI SINGH,Regular,Bengaluru,Karnataka,Home & Kitchen,3,1.11,MC-BLR,South,07-Sep-2025,NULL,standard,Prepaid,11-09-2025,11-09-2025,RETURNED,1,116.93,40.98,"₹29,210.91",Customer Refused
ORD-100375,27-Aug-2025,Delivered,Website,CUS30430,Karthik Gupta,Loyalty,Gurugram,Haryana,Electronics,1,3.22,Mc-Del,North,08/27/2025,27-Aug-2025,Exp,Prepaid,29/08/2025,29 August 2025,Delivered,1,231,,Rs. 3476,
ORD-100800,2025-01-28,Delivered,Marketplace,CUS40708,Meera Reddy,Loyalty,Lucknow,Uttar Pradesh,Electronics,1,1.58,MC-DEL,North,29-Jan-2025,2025-01-30,Express,Prepaid,01-02-2025,2025-02-01,Delivered ,1,N/A,35,"32,480.67",
ORD-100062,19-05-2025,Delivered,Marketplace,CUS31196,Sneha Naidu,Business, Mumbai,Maharashtra,Apparel,1,0.44,MC-BOM,West,2025-05-19,19-May-2025,STANDARD,Prepaid,2025-05-22,2025-05-22 00:00:00,Delivered,1,106.64,38.13,"2,772.56",
ORD-100639,12/26/2025,Delivered,Marketplace,CUS33886,NAVYA KUMAR,Regular,Surat,Gujarat,Home & Kitchen,1,4.34,MC-KOL,East,26-12-2025,2025-12-29 00:00:00,Standard,Prepaid,01/03/2026,2026-01-03 00:00:00,Delivered,1,206,NA,11084.83,
ORD-100026,16-08-2025,Cancelled,Marketplace,CUS17514,Navya Mehta,Regular,Pune,Maharashtra,Apparel,3,1.02,MC-BOM,West,16/08/2025,16-08-2025,Express,COD,2025-08-18,,Cancelled,0,204.49,-8.37,"₹6,635.07",
ORD-100055,2025-12-15,Delivered,Mobile App,CUS24109,Vivaan Gupta,Regular,Pune,Maharashtra,Personal Care,1,0.2,MC-BOM,West,18-12-2025,2025-12-20,Economy,Prepaid,25/12/2025,28 December 2025,Delivered - Late,1,Rs. 68,₹62.44,841.89,
ORD-100337,22-05-2025,Delivered,Marketplace,CUS21923,Aadhya Gupta,Regular,Delhi,Delhi,Home & Kitchen,1,4.76,MC-DEL,North,22-05-2025,2025-05-22,Express,Prepaid,24/05/2025,23-05-2025,Delivered,1,₹236.86,₹36.47,"₹7,039.38",
ORD-100561,17-10-2025,Failed Delivery,Marketplace,CUS37900,Ananya Agarwal,Regular,Surat,Gujarat,Electronics,1,0.23,MC-BOM ,West,10/20/2025,22-10-2025,Standard,Prepaid,2025-10-25,,RTO-Return To Origin,2,95,193.45,29451.74,RTO - Max Attempts Exhausted
ORD-100112,2025-07-18,Delivered,Website,CUS31180,Saanvi Reddy,Regular,Noida,Uttar Pradesh,Electronics,1,4.54,Mc-Bom,West,19 July 2025,20-07-2025,Express,Prepaid,24-Jul-2025,2025-07-23,Delivered,1,298.96,37.83,40517,
ORD-100339,19 December 2025,Delivered,Mobile App,CUS15397,Shreya Agarwal,Regular,Kolkata,West Bengal,Apparel,1,0.99,MC-KOL,East,21-Dec-2025,25-Dec-2025,Standard,NA,29/12/2025,2025-12-29 00:00:00,Delivered,1,Rs. 107,79,2768.38,
ORD-100141,2025-10-10,Delivered,Marketplace,CUS15141,Sanjay Singh,Regular,Mumbai,Maharashtra,Home & Kitchen,1,4.57,MC-BOM,West,2025-10-12,13-10-2025,Standard,Prepaid,16-10-2025,19-10-2025,Delivered - Late,1,135.08,₹64.60,4568.31,
ORD-100408,19-Sep-2025,Delivered,Website,CUS31036,Navya Gupta,Business,Bangalore,Karnataka,Electronics,2,1.51,MC-HYD ,South,09/19/2025,09/20/2025,Standard,Prepaid,09/23/2025,23-09-2025,DELIVERED,1,₹112.71,44,40163,
ORD-100731,23-03-2025,Delivered,Website,CUS10610,Meera Iyer,Regular,Chennai,Tamil Nadu,Personal Care,5 pcs,0.6,MC-BLR,South,2025-03-25,2025-03-26,Economy,Prepaid,31-03-2025,30-Mar-2025,Delivered,1,52.45,₹37.91,5260.90,
ORD-100587,30-11-2025,Delivered,Marketplace,CUS16361,Aditya Das,Regular,Gurugram,Haryana,Home & Kitchen,1,2.19,MC-DEL,North,06-Dec-2025,2025-12-06,Standard,Prepaid,09/12/2025,09-12-2025,Delivered,1,107.09,63,11086.41,
ORD-100164,28-Oct-2025,DELIVERED,Mobile App,CUS42737,Swati Agarwal,Regular,New Delhi,Delhi,Apparel,1,0.54 kg,MC-DEL,North,30 October 2025,31-10-2025,Express,COD,02-Nov-2025,11/02/2025,Delivered,1,193.48,51,3981,
ORD-100004,09/15/2025,DELIVERED,Marketplace,,Sai Iyer,Loyalty,Noida,Uttar Pradesh,Apparel,1,1.45,MC-BOM,West,2025-09-15,NA,Express,COD,2025-09-22,22-09-2025,Completed,1,278.08,43.80,₹674.34,
100281,2025-05-20,Delivered,Marketplace,CUS19532,Divya Sharma,Regular,Bengaluru,Karnataka,Electronics,1,0.63,MC-BLR,South,21-05-2025,21 May 2025,Economy,Prepaid,2025-05-26,26-May-2025,DELIVERED,-,59,33,31277,
ORD-100166,26-10-2025,DELIVERED,Mobile App,CUS47432,Deepak Agarwal,Loyalty,Surat,Gujarat,Home & Kitchen,1,2.99,MC-BOM,West,2025-10-29,04-11-2025,Standard,Prepaid,07-11-2025,10-11-2025,Delivered - Late,1,118,57.00,₹765.65,
ORD-100306,28-09-2025,Delivered,Mobile App,CUS17279,Vihaan Iyer,Regular,Pune,Maharashtra,Electronics,1,-,MC-BOM,West,28-09-2025,29/09/2025,Express,Prepaid,01-10-2025,2025-09-30,Delivered,1,202,,25041.36,
ORD-100348,06 December 2025,Delivered,Marketplace,CUS37179,Arjun Chatterjee,Regular,Hyderabad,Telangana,Electronics,1,0.35,MC-BLR,South,2025-12-08 00:00:00,2025-12-08,Surface,COD,13/12/2025,15-12-2025,Delivered(Late),2,72.09,107,"₹10,318.96",
ORD-100625,2025-05-12,Cancelled,Mobile App,CUS27517,Vihaan Naidu,Regular,Nashik,MH,Electronics,1,3.14,MC-BOM,West,12-05-2025,13/05/2025,Standard,Prepaid,16-05-2025,,Cancelled,27,140.92,-14.59,Rs. 8452,
ORD-100417,2025-05-19,Delivered,Mobile App,CUS11562,Ananya Chatterjee,Loyalty,Pune,Maharastra,Home & Kitchen,1,3.97,MC-BOM,West,2025-05-19,05/21/2025,Standard,COD,24-05-2025,2025-05-23,Delivered,1,,35.48,2264.97,
ORD-100557,31 August 2025,Delivered,Website,CUS16693,Vihaan Kumar,Regular,Pune,Maharashtra,Home & Kitchen,1,2.18,MC-BOM,West,2025-08-31,31-Aug-2025,Economy,Prepaid,05 September 2025,2025-09-09,Delivered - Late,1,₹91.11,31,5967.84,
ORD-100325,01/30/2026,Delivered,Mobile App,CUS33946,Vikram Joshi,Regular,BENGALURU,Karnataka,Apparel,4,0.35,MC-BLR,South,2026-01-30,2026-01-31,STANDARD,COD,03/02/2026,03-02-2026,Delivered,2,121.53,Rs. 80,2324,
ORD-100176,04/24/2025,Delivered,Website,CUS35774,Reyansh Bose,Loyalty,Gurugram,NULL,Apparel,4,0.32,MC-DEL,North,25 April 2025,28 April 2025,Standard,Prepaid,01-May-2025,05/01/2025,Delivered,1,97,₹32.93,17285.32,
ORD-100302,2025-01-24,Delivered,Marketplace,CUS31539,Shreya Chatterjee,Regular,Delhi,Delhi,Apparel,1,1.56,MC-BOM,West,2025-01-25,01/27/2025,Express,Prepaid,31-01-2025,05-02-2025,Delivered - Late,NA,271.59,₹30.06,"1,134.07",
ORD-100037,2025-08-07,Delivered,Marketplace,CUS46641,AADHYA AGARWAL,Regular,Pune,maharashtra,Electronics,1,3.99,MC-BOM,West,2025-08-08,2025-08-08 00:00:00,Standard,Prepaid,08/11/2025,11-Aug-2025,Delivered,1,128.30,35.22,37542,
ORD-100559,13 October 2025,Delivered,Website,CUS45347,Ananya Mehta,Regular,Ahmedabad  ,Gujarat,Furniture,1,38.32,mc-kol,East,16-10-2025,2025-10-19,Economy,Prepaid,26-Oct-2025,30-10-2025,Delivered - Late,1,584.61,₹83.31,"6,005.00",
100172,28-09-2025,DELIVERED,Website,CUS24440,Suresh Das,Regular,Surat,Gujarat,Furniture,1,18.1,MC-BOM,West,28-09-2025,28-Sep-2025,Express,Prepaid,09/30/2025,2025-09-29,Delivered,1,392.80,43.55,8912.87,
ORD-100453,11-09-2025,Delivered,Marketplace,CUS25373,Priya Menon,Loyalty,Noida,UP,Apparel,1,0.98,MC-DEL,North,11-09-2025,11-09-2025,Standard,COD,14-09-2025,13-Sep-2025,Delivered,1,122,34.22,3677.62,
ORD-100111,2025-09-10,Delivered,Mobile App,CUS36690,Meera Kumar,Regular,Chennai,Tamil Nadu,Furniture,1,40.36,MC-BLR,South,11 September 2025,2025-09-11 00:00:00,Economy,Prepaid,16-09-2025,16-09-2025,Delivered,1,Rs. 535,39,35231.02,
ORD-100032,2025-10-23,Delivered,Marketplace,CUS38112,Vivaan Mehta,Regular,Lucknow,Uttar Pradesh,Furniture,1,48.9,mc-hyd,South,2025-10-24,22-10-2025,Standard,Prepaid,2025-10-31,2025-11-03,Delivered - Late,1,647.74,₹51.28,83523.39,
ORD-100767,07-10-2025,Delivered,Marketplace,CUS26997,Arun Bose,Regular,Ahmedabad,Gujarat,Electronics,3,3.91,MC-BOM,West,2025-10-11,-,Standard,Prepaid,2025-10-15,2025-10-15,Delivered,1,138.58,50.92,109544,
ORD-100098,2025-11-29,Cancelled,Marketplace,CUS15760,Kiara Menon,Loyalty,Pune,Maharashtra,Home & Kitchen,1,1.71,MC-BOM,West,01 December 2025,02-12-2025,EXPRESS,Prepaid,2025-12-04,,CANCELLED,0,Rs. 201,10.13,"1,991.26",
ORD-100155,18-12-2025,Delivered,Mobile App,CUS27632,Neha Naidu,Regular,Noida,Uttar Pradesh,Electronics,1,2.31,MC-DEL,North,2025-12-19,NA,Express,Prepaid,23 December 2025,23-12-2025,Delivered,1,199,₹57.93,14411.48,
ORD-100298,10/11/2025,Delivered,Retail Store,CUS19529,Ayaan Iyer,Loyalty,Hyderabad,Telangana,Electronics,1,1.14,MC-BLR,South,12-Oct-2025,2025-10-14,Economy,COD,N/A,19-Oct-2025,Delivered,1,Rs. 98,63.75,14924.33,
ORD-100464,2025-07-12,Delivered,Website,CUS15458,Sanjay Agarwal,Regular, Mumbai,Maharashtra,Electronics,1,3.98 kg,MC-BOM,West,12-07-2025,2025-07-12,EXPRESS,Prepaid,2025-07-14,2025-07-13,Delivered,1,235.07,₹38.33,Rs. 9420,
ORD-100406,2025-05-03,Delivered,Mobile App,CUS40975,Myra Verma,Business,Chandigarh  ,Punjab,Home & Kitchen,1,4.79,MC-DEL,North,2025-05-03,04-05-2025,Express,Prepaid,06-May-2025,05-May-2025,Completed,1,249.28,₹41.37,9617,
ORD-100730,2025-06-09,Delivered,Website,CUS17941,Shreya Shah,Regular,Pune,Maharashtra,Apparel,3,1.04,MC-BOM,West,2025-06-09 00:00:00,09-Jun-2025,Standard,Prepaid,2025-06-12 00:00:00,11-06-2025,Delivered,1,Rs. 106,31,13439.25,
ORD-100634,30-Aug-2025,Delivered,Mobile App,CUS20532,Sanjay Das,Regular,Bhopal,Madhya Pradesh,Home & Kitchen,1,3.75,MC-BOM ,West,2025-08-30,N/A,Standard,COD,09/06/2025,2025-09-06,Delivered,1,215.22,30,7479,
ORD-100516,18-08-2025,Delivered,Website,CUS33018,Diya Verma,Regular,Bengaluru,Karnataka,Home & Kitchen,1,3.73,MC-HYD,South,20-08-2025,22-08-2025,Express,COD,08/24/2025,23-08-2025,Delivered,2,248,84,10131.38,
ORD-100548,25-07-2025,Delivered,Marketplace,cus43884,Rohan Patel,Loyalty,DELHI,Delhi,Apparel,1,0.29,Mc-Del,North,NULL,2025-07-28 00:00:00,Standard,Prepaid,07/31/2025,31-07-2025,Delivered,2,105.79,₹31.00,Rs. 4165,
ORD-100101,15-10-2025,Delivered,Website,CUS45672,Ayaan Mehta,Regular,Bengaluru,Karnataka,Apparel,1,1.38,MC-BLR,South,2025-10-16,21-10-2025,Std,COD,2025-10-24 00:00:00,24-10-2025,Completed,2,119.83,108.21,"2,303.53",
ORD-100591,2025-08-19,Delivered,Mobile App,CUS49975,Ramesh Gupta,Regular,Gurugram,Haryana,Electronics,1 pcs,0.52,MC-DEL,North,19-Aug-2025,2025-08-19 00:00:00,Express,COD,,21-Aug-2025,Completed,1,196.53,₹40.94,2204,
ORD-100286,2025-11-14,Failed Delivery,Mobile App,CUS15740,Ira Menon,Regular,Kochi,Kerala,Personal Care,2,1.05,MC-BLR,South,2025-11-14 00:00:00,15-Nov-2025,ECONOMY,COD,20/11/2025,,RTO - Return to Origin,0,86.62,₹191.98,"₹1,366.94",RTO - Address Not Found
ORD-100631,22-May-2025,Delivered,Marketplace,CUS19006,Pooja Mehta,Regular, Bangalore,Karnataka,Home & Kitchen,2,0.62,MC-BLR,South,2025-05-22,22 May 2025,Standard,COD,2025-05-25 00:00:00,25-May-2025,Delivered,2, ,84.94,16337.04,
ORD-100049,19-02-2025,Delivered,Marketplace,CUS15472,Anika Bose,Regular,Kolkata,West Bengal,Personal Care,1,0.26,MC-KOL,East,20-02-2025,20-Feb-2025,Standard,Prepaid,2025-02-24 00:00:00,2025-02-26,Late Delivery,1,107.20,68.99,1643.42,
ORD-100174,30-Sep-2025,delivered,Marketplace,CUS42174,Kiara Joshi,Regular,Jaipur,Rajasthan,Apparel,1,0.85,MC-DEL,North,2025-09-30 00:00:00,2025-09-30 00:00:00,Express,Prepaid,02-10-2025,,Delivered,1,189.10,₹32.49,3653.26,
ORD-100688,05-Apr-2025,Delivered,Marketplace,CUS40189,Meera Joshi,Regular,Delhi,DL,Personal Care,2,0.73,MC-DEL,North,2025-04-06,06-04-2025,Express,Prepaid,08-Apr-2025,2025-04-07,Completed,1,188.31,₹41.47,₹929.78,
ORD-100807,2025-10-22 00:00:00,Delivered,Retail Store,CUS36326,Krishna Nair,Loyalty,Delhi,Delhi,Personal Care,1,1.19,MC-BLR,South,10/22/2025,25-10-2025,Economy,Prepaid,2025-11-01,2025-11-01,Delivered,1,138.34,₹62.54,346.11,
ORD-100291,24 November 2025,delivered,Retail Store,CUS10186,Kiara Sharma,Loyalty,Guwahati,Assam,Electronics,1 pcs,1.05,MC-KOL,East,28-11-2025,2025-11-29,Standard,COD,03-12-2025,03-Dec-2025,Delivered ,2,115.60,126.96,36087.14,
ORD-100526,20-Aug-2025,Delivered,Website,CUS44640,Vikram Gupta,Loyalty,Delhi  ,New Delhi,Apparel,3,0.3,MC-DEL,North,2025-08-20,2025-08-21,Express,Prepaid,2025-08-23,22 August 2025,delivered,1,174.32,₹42.10,"₹4,808.28",
ORD-100762,2025-05-21,Delivered,Mobile App,CUS36245,  Sai Shah  ,Regular,Delhi,Delhi,Electronics,1,2.77,MC-DEL,North,,2025-05-24,Economy,Prepaid,2025-05-29,05/28/2025,Delivered,1,Rs. 90,Rs. 40,23723,
ORD-100787,2025-06-13,FAILED,Marketplace,CUS20390,Vivaan Gupta,Regular,New Delhi,Delhi,Apparel,1,1.13,MC-DEL,North,06/15/2025,16-06-2025,Economy,Prepaid,2025-06-21,,RTO - Return to Origin,2,68.60,181.98,"₹1,062.41",RTO - Max Attempts Exhausted
ORD-100735,16 May 2025,Delivered,Marketplace,CUS28382,Rohan Mehta,Business,Chennai,Tamil Nadu,Home & Kitchen,1,8.64,MC-BLR,South,16-05-2025,05/18/2025,Express,Prepaid,20-05-2025,20-05-2025,Delivered,1,273.82,31.13,6191.33,
ORD-100414,15 November 2025,Delivered,Marketplace,CUS44286,Ayaan Singh,Loyalty,Kolkata,West Bengal,Electronics,1,2.13 kg,MC-KOL,East,2025-11-18 00:00:00,21-Nov-2025,Express,COD,23/11/2025,22-11-2025,Delivered,2,232.52,Rs. 131,13718.15,
ORD-100333,11/20/2025,Failed Delivery,Website,CUS32240,Myra Sharma,Regular,Gurugram  ,Haryana,Apparel,2,1.16,MC-DEL,North,11/21/2025,2025-11-23,Standard,Prepaid,26-11-2025,,RTO,2,₹103.36,204.00,7719,RTO - Address Not Found
100420,2025-10-08,Delivered,Mobile App,CUS28522,NULL,Business,Bhopal,Madhya Pradesh,Electronics,1,2.08,MC-DEL,North,08-10-2025,11/10/2025,Standard,Prepaid,10/17/2025,2025-10-16,Delivered,2,₹174.59,99.84,23492,
ORD-100113,05/21/2025,Delivered,Website,CUS40959,Sai Patel,Regular,Hyderabad,Telangana,Home & Kitchen,1,4.08,MC-BLR,South,21-05-2025,21-05-2025,Standard,Prepaid,24-May-2025,28-05-2025,Delivered - Late,1,Rs. 137,Rs. 33,3928.35,
ORD-100100,2025-12-28,Delivered,Website,CUS41501,Rohan Kumar,Regular,Bhopal,Madhya Pradesh,Furniture,1,17.56,MC-DEL,North,12/30/2025,2025-12-30,Economy,Prepaid,2026-01-07 00:00:00,2026-01-07,Delivered ,1,325.26,31.53,"₹55,313.42",
